{
    "area_summary": {
        "chip_width": 28.797,
        "chip_height": 28.797,
        "total_chiplet_area": 437.81509200000005,
        "total_interposer_area": 829.267209,
        "time_taken": 9.465217590332031e-05
    },
    "power_summary": {
        "total_power": 186.638,
        "total_chiplet_power": 186.638,
        "total_interposer_power": 0,
        "time_taken": 0.00014281272888183594
    },
    "link_summary": {
        "lengths": {
            "min": 9.654,
            "avg": 19.086666666666666,
            "max": 27.797,
            "histogram": {
                "15.399": 2,
                "17.399": 2,
                "19.398": 2,
                "9.654": 1,
                "15.654": 1,
                "13.398": 2,
                "11.938": 1,
                "13.938": 1,
                "27.797": 4,
                "27.0": 1,
                "23.0": 1
            }
        },
        "bandwidths": {
            "min": 0.5,
            "avg": 869.7777777777778,
            "max": 1928.5,
            "histogram": {
                "794.0": 10,
                "0.5": 4,
                "1928.5": 4
            }
        },
        "time_taken": 8.463859558105469e-05
    },
    "latency": {
        "min": 45,
        "avg": 49.50000000000001,
        "max": 54,
        "time_taken": 0.0003085136413574219
    },
    "throughput": {
        "aggregate_throughput": 1.3333333333333333,
        "time_taken": 2.7418136596679688e-05
    },
    "booksim_simulation": {
        "0.001": {
            "packet_latency": {
                "avg": 37.9416,
                "min": 30.0,
                "max": 52.0
            },
            "network_latency": {
                "avg": 37.9416,
                "min": 30.0,
                "max": 52.0
            },
            "flit_latency": {
                "avg": 37.9416,
                "min": 30.0,
                "max": 52.0
            },
            "fragmentation": {
                "avg": 0.0,
                "min": 0.0,
                "max": 0.0
            },
            "injected_packet_rate": {
                "avg": 0.000820605,
                "min": 0.0,
                "max": 0.00105121
            },
            "accepted_packet_rate": {
                "avg": 0.000820605,
                "min": 0.0,
                "max": 0.00738544
            },
            "injected_flit_rate": {
                "avg": 0.000820605,
                "min": 0.0,
                "max": 0.00105121
            },
            "accepted_flit_rate": {
                "avg": 0.000820605,
                "min": 0.0,
                "max": 0.00738544
            },
            "injected_packet_size": {
                "avg": 1.0
            },
            "accepted_packet_size": {
                "avg": 1.0
            },
            "hops": {
                "avg": 2.48905
            },
            "total_run_time": 0.0525
        },
        "0.1": {
            "packet_latency": {
                "avg": 53.0628,
                "min": 30.0,
                "max": 108.0
            },
            "network_latency": {
                "avg": 53.0628,
                "min": 30.0,
                "max": 108.0
            },
            "flit_latency": {
                "avg": 53.0581,
                "min": 30.0,
                "max": 108.0
            },
            "fragmentation": {
                "avg": 0.0,
                "min": 0.0,
                "max": 0.0
            },
            "injected_packet_rate": {
                "avg": 0.0877201,
                "min": 0.0,
                "max": 0.101462
            },
            "accepted_packet_rate": {
                "avg": 0.0875734,
                "min": 0.0,
                "max": 0.78816
            },
            "injected_flit_rate": {
                "avg": 0.0877201,
                "min": 0.0,
                "max": 0.101462
            },
            "accepted_flit_rate": {
                "avg": 0.0875734,
                "min": 0.0,
                "max": 0.78816
            },
            "injected_packet_size": {
                "avg": 1.0
            },
            "accepted_packet_size": {
                "avg": 1.0
            },
            "hops": {
                "avg": 2.49925
            },
            "total_run_time": 0.106188
        },
        "0.11": {
            "packet_latency": {
                "avg": 54.538,
                "min": 30.0,
                "max": 108.0
            },
            "network_latency": {
                "avg": 54.538,
                "min": 30.0,
                "max": 108.0
            },
            "flit_latency": {
                "avg": 54.5323,
                "min": 30.0,
                "max": 108.0
            },
            "fragmentation": {
                "avg": 0.0,
                "min": 0.0,
                "max": 0.0
            },
            "injected_packet_rate": {
                "avg": 0.0963522,
                "min": 0.0,
                "max": 0.112736
            },
            "accepted_packet_rate": {
                "avg": 0.0961373,
                "min": 0.0,
                "max": 0.865236
            },
            "injected_flit_rate": {
                "avg": 0.0963522,
                "min": 0.0,
                "max": 0.112736
            },
            "accepted_flit_rate": {
                "avg": 0.0961373,
                "min": 0.0,
                "max": 0.865236
            },
            "injected_packet_size": {
                "avg": 1.0
            },
            "accepted_packet_size": {
                "avg": 1.0
            },
            "hops": {
                "avg": 2.492
            },
            "total_run_time": 0.115369
        },
        "0.12": {
            "packet_latency": {
                "avg": 60.0355,
                "min": 30.0,
                "max": 196.0
            },
            "network_latency": {
                "avg": 60.0355,
                "min": 30.0,
                "max": 196.0
            },
            "flit_latency": {
                "avg": 60.0157,
                "min": 30.0,
                "max": 196.0
            },
            "fragmentation": {
                "avg": 0.0,
                "min": 0.0,
                "max": 0.0
            },
            "injected_packet_rate": {
                "avg": 0.10543,
                "min": 0.0,
                "max": 0.119811
            },
            "accepted_packet_rate": {
                "avg": 0.105194,
                "min": 0.0,
                "max": 0.946745
            },
            "injected_flit_rate": {
                "avg": 0.10543,
                "min": 0.0,
                "max": 0.119811
            },
            "accepted_flit_rate": {
                "avg": 0.105194,
                "min": 0.0,
                "max": 0.946745
            },
            "injected_packet_size": {
                "avg": 1.0
            },
            "accepted_packet_size": {
                "avg": 1.0
            },
            "hops": {
                "avg": 2.49841
            },
            "total_run_time": 0.126237
        },
        "0.121": {
            "packet_latency": {
                "avg": 61.6462,
                "min": 30.0,
                "max": 204.0
            },
            "network_latency": {
                "avg": 61.6462,
                "min": 30.0,
                "max": 204.0
            },
            "flit_latency": {
                "avg": 61.6372,
                "min": 30.0,
                "max": 204.0
            },
            "fragmentation": {
                "avg": 0.0,
                "min": 0.0,
                "max": 0.0
            },
            "injected_packet_rate": {
                "avg": 0.106457,
                "min": 0.0,
                "max": 0.122123
            },
            "accepted_packet_rate": {
                "avg": 0.106205,
                "min": 0.0,