{
    "area_summary": {
        "chip_width": 118.797,
        "chip_height": 118.797,
        "total_chiplet_area": 7484.344983000013,
        "total_interposer_area": 14112.727208999999,
        "time_taken": 0.0004451274871826172
    },
    "power_summary": {
        "total_power": 2847.638,
        "total_chiplet_power": 2847.638,
        "total_interposer_power": 0,
        "time_taken": 0.0014083385467529297
    },
    "link_summary": {
        "lengths": {
            "min": 7.513,
            "avg": 19.269744755244755,
            "max": 27.797,
            "histogram": {
                "24.474": 41,
                "24.007": 41,
                "12.203": 43,
                "27.797": 43,
                "7.513": 31,
                "24.006": 31,
                "23.398": 2,
                "15.398": 3,
                "27.399": 2,
                "7.559": 1,
                "24.053": 1,
                "9.805": 2,
                "24.052": 1,
                "24.336": 1,
                "14.69": 3,
                "17.796": 4,
                "14.006": 2,
                "17.398": 1,
                "22.271": 3,
                "17.798": 4,
                "14.007": 2,
                "13.399": 1,
                "19.399": 1,
                "10.0": 9,
                "12.076": 1,
                "9.392": 1,
                "9.999": 9,
                "9.601": 1,
                "8.398": 1
            }
        },
        "bandwidths": {
            "min": -4.0,
            "avg": 731.0611888111888,
            "max": 1928.5,
            "histogram": {
                "-4.0": 165,
                "1928.5": 103,
                "794.0": 14,
                "-2.0": 4
            }
        },
        "time_taken": 0.000888824462890625
    },
    "latency": {
        "min": 34,
        "avg": 108.2447552447555,
        "max": 196,
        "time_taken": 0.0682680606842041
    },
    "throughput": {
        "aggregate_throughput": -572.0,
        "time_taken": 0.0007946491241455078
    },
    "booksim_simulation": {
        "0.0009999999999999985": {
            "packet_latency": {
                "avg": 108.477,
                "min": 28.0,
                "max": 207.0
            },
            "network_latency": {
                "avg": 108.477,
                "min": 28.0,
                "max": 207.0
            },
            "flit_latency": {
                "avg": 108.304,
                "min": 28.0,
                "max": 207.0
            },
            "fragmentation": {
                "avg": 0.0,
                "min": 0.0,
                "max": 0.0
            },
            "injected_packet_rate": {
                "avg": 0.00100334,
                "min": 0.0,
                "max": 0.0015566
            },
            "accepted_packet_rate": {
                "avg": 0.000998428,
                "min": 0.0,
                "max": 0.143774
            },
            "injected_flit_rate": {
                "avg": 0.00100334,
                "min": 0.0,
                "max": 0.0015566
            },
            "accepted_flit_rate": {
                "avg": 0.000998428,
                "min": 0.0,
                "max": 0.143774
            },
            "injected_packet_size": {
                "avg": 1.0
            },
            "accepted_packet_size": {
                "avg": 1.0
            },
            "hops": {
                "avg": 7.01567
            },
            "total_run_time": 0.537788
        },
        "0.001": {
            "packet_latency": {
                "avg": 108.477,
                "min": 28.0,
                "max": 207.0
            },
            "network_latency": {
                "avg": 108.477,
                "min": 28.0,
                "max": 207.0
            },
            "flit_latency": {
                "avg": 108.304,
                "min": 28.0,
                "max": 207.0
            },
            "fragmentation": {
                "avg": 0.0,
                "min": 0.0,
                "max": 0.0
            },
            "injected_packet_rate": {
                "avg": 0.00100334,
                "min": 0.0,
                "max": 0.0015566
            },
            "accepted_packet_rate": {
                "avg": 0.000998428,
                "min": 0.0,
                "max": 0.143774
            },
            "injected_flit_rate": {
                "avg": 0.00100334,
                "min": 0.0,
                "max": 0.0015566
            },
            "accepted_flit_rate": {
                "avg": 0.000998428,
                "min": 0.0,
                "max": 0.143774
            },
            "injected_packet_size": {
                "avg": 1.0
            },
            "accepted_packet_size": {
                "avg": 1.0
            },
            "hops": {
                "avg": 7.01567
            },
            "total_run_time": 0.65378
        },
        "0.0019999999999999987": {
            "packet_latency": {
                "avg": 112.633,
                "min": 28.0,
                "max": 220.0
            },
            "network_latency": {
                "avg": 112.633,
                "min": 28.0,
                "max": 220.0
            },
            "flit_latency": {
                "avg": 112.551,
                "min": 28.0,
                "max": 220.0
            },
            "fragmentation": {
                "avg": 0.0,
                "min": 0.0,
                "max": 0.0
            },
            "injected_packet_rate": {
                "avg": 0.00200013,
                "min": 0.0,
                "max": 0.00292453
            },
            "accepted_packet_rate": {
                "avg": 0.00198801,
                "min": 0.0,
                "max": 0.286274
            },
            "injected_flit_rate": {
                "avg": 0.00200013,
                "min": 0.0,
                "max": 0.00292453
            },
            "accepted_flit_rate": {
                "avg": 0.00198801,
                "min": 0.0,
                "max": 0.286274
            },
            "injected_packet_size": {
                "avg": 1.0
            },
            "accepted_packet_size": {
                "avg": 1.0
            },
            "hops": {
                "avg": 7.0244
            },
            "total_run_time": 0.611054
        },
        "0.002999999999999999": {
            "packet_latency": {
                "avg": 115.572,
                "min": 28.0,
                "max": 223.0
            },
            "network_latency": {
                "avg": 115.572,
                "min": 28.0,
                "max": 223.0
            },
            "flit_latency": {
                "avg": 115.51,
                "min": 28.0,
                "max": 223.0
            },
            "fragmentation": {
                "avg": 0.0,
                "min": 0.0,
                "max": 0.0
            },
            "injected_packet_rate": {
                "avg": 0.00298021,
                "min": 0.0,
                "max": 0.0040566
            },
            "accepted_packet_rate": {
                "avg": 0.00296416,
                "min": 0.0,
                "max": 0.42684
            },
            "injected_flit_rate": {
                "avg": 0.00298021,
                "min": 0.0,
                "max": 0.0040566
            },
            "accepted_flit_rate": {
                "avg": 0.00296416,
                "min": 0.0,
                "max": 0.42684
            },
            "injected_packet_size": {
                "avg": 1.0
            },
            "accepted_packet_size": {
                "avg": 1.0
            },
            "hops": {
                "avg": 6.98868
            },
            "total_run_time": 0.674375
        },
        "0.003999999999999999": {
            "packet_latency": {
                "avg": 118.865,
                "min": 29.0,
                "max": 227.0
            },