{
    "area_summary": {
        "chip_width": 118.797,
        "chip_height": 118.797,
        "total_chiplet_area": 10885.088307000036,
        "total_interposer_area": 14112.727208999999,
        "time_taken": 0.0004131793975830078
    },
    "power_summary": {
        "total_power": 2954.138,
        "total_chiplet_power": 2954.138,
        "total_interposer_power": 0,
        "time_taken": 0.0028228759765625
    },
    "link_summary": {
        "lengths": {
            "min": 13.398,
            "avg": 26.002604166666664,
            "max": 117.797,
            "histogram": {
                "17.797": 248,
                "15.399": 3,
                "19.398": 3,
                "13.398": 3,
                "17.399": 3,
                "14.053": 2,
                "14.336": 2,
                "117.797": 22,
                "117.0": 1,
                "113.0": 1
            }
        },
        "bandwidths": {
            "min": 0.5,
            "avg": 1846.5729166666667,
            "max": 1928.5,
            "histogram": {
                "1928.5": 270,
                "794.0": 14,
                "0.5": 4
            }
        },
        "time_taken": 0.0008528232574462891
    },
    "latency": {
        "min": 34,
        "avg": 81.30069930069948,
        "max": 144,
        "time_taken": 0.07094049453735352
    },
    "throughput": {
        "aggregate_throughput": 0.9930555555555568,
        "time_taken": 0.0007648468017578125
    },
    "booksim_simulation": {
        "0.0009999999999999985": {
            "packet_latency": {
                "avg": 69.0454,
                "min": 18.0,
                "max": 134.0
            },
            "network_latency": {
                "avg": 69.0454,
                "min": 18.0,
                "max": 134.0
            },
            "flit_latency": {
                "avg": 69.0423,
                "min": 18.0,
                "max": 134.0
            },
            "fragmentation": {
                "avg": 0.0,
                "min": 0.0,
                "max": 0.0
            },
            "injected_packet_rate": {
                "avg": 0.00100334,
                "min": 0.0,
                "max": 0.0015566
            },
            "accepted_packet_rate": {
                "avg": 0.00100105,
                "min": 0.0,
                "max": 0.144151
            },
            "injected_flit_rate": {
                "avg": 0.00100334,
                "min": 0.0,
                "max": 0.0015566
            },
            "accepted_flit_rate": {
                "avg": 0.00100105,
                "min": 0.0,
                "max": 0.144151
            },
            "injected_packet_size": {
                "avg": 1.0
            },
            "accepted_packet_size": {
                "avg": 1.0
            },
            "hops": {
                "avg": 7.03134
            },
            "total_run_time": 0.626475
        },
        "0.001": {
            "packet_latency": {
                "avg": 69.0454,
                "min": 18.0,
                "max": 134.0
            },
            "network_latency": {
                "avg": 69.0454,
                "min": 18.0,
                "max": 134.0
            },
            "flit_latency": {
                "avg": 69.0423,
                "min": 18.0,
                "max": 134.0
            },
            "fragmentation": {
                "avg": 0.0,
                "min": 0.0,
                "max": 0.0
            },
            "injected_packet_rate": {
                "avg": 0.00100334,
                "min": 0.0,
                "max": 0.0015566
            },
            "accepted_packet_rate": {
                "avg": 0.00100105,
                "min": 0.0,
                "max": 0.144151
            },
            "injected_flit_rate": {
                "avg": 0.00100334,
                "min": 0.0,
                "max": 0.0015566
            },
            "accepted_flit_rate": {
                "avg": 0.00100105,
                "min": 0.0,
                "max": 0.144151
            },
            "injected_packet_size": {
                "avg": 1.0
            },
            "accepted_packet_size": {
                "avg": 1.0
            },
            "hops": {
                "avg": 7.03134
            },
            "total_run_time": 0.636886
        },
        "0.0019999999999999987": {
            "packet_latency": {
                "avg": 69.7986,
                "min": 18.0,
                "max": 134.0
            },
            "network_latency": {
                "avg": 69.7986,
                "min": 18.0,
                "max": 134.0
            },
            "flit_latency": {
                "avg": 69.7586,
                "min": 18.0,
                "max": 134.0
            },
            "fragmentation": {
                "avg": 0.0,
                "min": 0.0,
                "max": 0.0
            },
            "injected_packet_rate": {
                "avg": 0.00200013,
                "min": 0.0,
                "max": 0.00292453
            },
            "accepted_packet_rate": {
                "avg": 0.0019926,
                "min": 0.0,
                "max": 0.286934
            },
            "injected_flit_rate": {
                "avg": 0.00200013,
                "min": 0.0,
                "max": 0.00292453
            },
            "accepted_flit_rate": {
                "avg": 0.0019926,
                "min": 0.0,
                "max": 0.286934
            },
            "injected_packet_size": {
                "avg": 1.0
            },
            "accepted_packet_size": {
                "avg": 1.0
            },
            "hops": {
                "avg": 7.02047
            },
            "total_run_time": 0.688249
        },
        "0.002999999999999999": {
            "packet_latency": {
                "avg": 71.1423,
                "min": 18.0,
                "max": 138.0
            },
            "network_latency": {
                "avg": 71.1423,
                "min": 18.0,
                "max": 138.0
            },
            "flit_latency": {
                "avg": 71.1526,
                "min": 18.0,
                "max": 138.0
            },
            "fragmentation": {
                "avg": 0.0,
                "min": 0.0,
                "max": 0.0
            },
            "injected_packet_rate": {
                "avg": 0.00298021,
                "min": 0.0,
                "max": 0.0040566
            },
            "accepted_packet_rate": {
                "avg": 0.00297039,
                "min": 0.0,
                "max": 0.427736
            },
            "injected_flit_rate": {
                "avg": 0.00298021,
                "min": 0.0,
                "max": 0.0040566
            },
            "accepted_flit_rate": {
                "avg": 0.00297039,
                "min": 0.0,
                "max": 0.427736
            },
            "injected_packet_size": {
                "avg": 1.0
            },
            "accepted_packet_size": {
                "avg": 1.0
            },
            "hops": {
                "avg": 7.07166
            },
            "total_run_time": 0.769823
        },
        "0.003999999999999999": {
            "packet_latency": {
                "avg": 71.5964,
                "min": 18.0,
                "max": 146.0
            },
            "network_latency": {
                "avg": 71.5964,
                "min": 18.0,
                "max": 146.0
            },
            "flit_latency": {
                "avg": 71.6055,
                "min": 18.0,
                "max": 146.0
            },
            "fragmentation": {
                "avg": 0.0,
                "min": 0.0,
                "max": 0.0
            },
            "injected_packet_rate": {
                "avg": 0.00397045,
                "min": 0.0,
                "max": 0.00514151
            },