{
    "area_summary": {
        "chip_width": 98.797,
        "chip_height": 98.797,
        "total_chiplet_area": 7480.051111000018,
        "total_interposer_area": 9760.847209,
        "time_taken": 0.00032830238342285156
    },
    "power_summary": {
        "total_power": 2052.138,
        "total_chiplet_power": 2052.138,
        "total_interposer_power": 0,
        "time_taken": 0.0025589466094970703
    },
    "link_summary": {
        "lengths": {
            "min": 7.398,
            "avg": 18.810848484848485,
            "max": 27.797,
            "histogram": {
                "12.203": 75,
                "27.797": 75,
                "23.398": 2,
                "15.398": 3,
                "27.399": 2,
                "7.559": 1,
                "24.053": 1,
                "9.805": 2,
                "24.052": 1,
                "24.336": 1,
                "17.796": 7,
                "17.398": 1,
                "17.798": 7,
                "13.399": 1,
                "19.399": 1,
                "10.001": 7,
                "12.399": 1,
                "7.398": 1,
                "9.999": 7,
                "9.601": 1,
                "8.398": 1
            }
        },
        "bandwidths": {
            "min": 0.5,
            "avg": 1797.8737373737374,
            "max": 1928.5,
            "histogram": {
                "1928.5": 178,
                "794.0": 16,
                "0.5": 4
            }
        },
        "time_taken": 0.0005767345428466797
    },
    "latency": {
        "min": 34,
        "avg": 71.11111111111124,
        "max": 106,
        "time_taken": 0.7392332553863525
    },
    "throughput": {
        "aggregate_throughput": 1.1,
        "time_taken": 0.0003466606140136719
    },
    "booksim_simulation": {
        "0.001": {
            "packet_latency": {
                "avg": 57.9489,
                "min": 18.0,
                "max": 104.0
            },
            "network_latency": {
                "avg": 57.9489,
                "min": 18.0,
                "max": 104.0
            },
            "flit_latency": {
                "avg": 57.9724,
                "min": 18.0,
                "max": 104.0
            },
            "fragmentation": {
                "avg": 0.0,
                "min": 0.0,
                "max": 0.0
            },
            "injected_packet_rate": {
                "avg": 0.0010066,
                "min": 0.0,
                "max": 0.00188679
            },
            "accepted_packet_rate": {
                "avg": 0.00100377,
                "min": 0.0,
                "max": 0.100377
            },
            "injected_flit_rate": {
                "avg": 0.0010066,
                "min": 0.0,
                "max": 0.00188679
            },
            "accepted_flit_rate": {
                "avg": 0.00100377,
                "min": 0.0,
                "max": 0.100377
            },
            "injected_packet_size": {
                "avg": 1.0
            },
            "accepted_packet_size": {
                "avg": 1.0
            },
            "hops": {
                "avg": 5.94142
            },
            "total_run_time": 0.405763
        },
        "0.01": {
            "packet_latency": {
                "avg": 94.9626,
                "min": 19.0,
                "max": 454.0
            },
            "network_latency": {
                "avg": 94.9626,
                "min": 19.0,
                "max": 454.0
            },
            "flit_latency": {
                "avg": 94.9345,
                "min": 19.0,
                "max": 454.0
            },
            "fragmentation": {
                "avg": 0.0,
                "min": 0.0,
                "max": 0.0
            },
            "injected_packet_rate": {
                "avg": 0.00990189,
                "min": 0.0,
                "max": 0.0116173
            },
            "accepted_packet_rate": {
                "avg": 0.00987844,
                "min": 0.0,
                "max": 0.987844
            },
            "injected_flit_rate": {
                "avg": 0.00990189,
                "min": 0.0,
                "max": 0.0116173
            },
            "accepted_flit_rate": {
                "avg": 0.00987844,
                "min": 0.0,
                "max": 0.987844
            },
            "injected_packet_size": {
                "avg": 1.0
            },
            "accepted_packet_size": {
                "avg": 1.0
            },
            "hops": {
                "avg": 5.99635
            },
            "total_run_time": 1.25275
        },
        "n_nodes": 100,
        "time_taken": 3.3116986751556396
    },
    "total_time_taken": 4.054749965667725
}