{
    "area_summary": {
        "chip_width": 28.797,
        "chip_height": 28.797,
        "total_chiplet_area": 437.81509200000005,
        "total_interposer_area": 829.267209,
        "time_taken": 0.00010395050048828125
    },
    "power_summary": {
        "total_power": 186.638,
        "total_chiplet_power": 186.638,
        "total_interposer_power": 0,
        "time_taken": 0.0001227855682373047
    },
    "link_summary": {
        "lengths": {
            "min": 6.654,
            "avg": 16.864444444444445,
            "max": 27.797,
            "histogram": {
                "7.602": 2,
                "27.797": 4,
                "13.195": 2,
                "8.654": 1,
                "27.0": 1,
                "18.938": 1,
                "9.602": 2,
                "15.195": 2,
                "6.654": 1,
                "23.0": 1,
                "16.938": 1
            }
        },
        "bandwidths": {
            "min": 0.5,
            "avg": 869.7777777777778,
            "max": 1928.5,
            "histogram": {
                "794.0": 10,
                "1928.5": 4,
                "0.5": 4
            }
        },
        "time_taken": 7.152557373046875e-05
    },
    "latency": {
        "min": 45,
        "avg": 49.50000000000001,
        "max": 54,
        "time_taken": 0.0004608631134033203
    },
    "throughput": {
        "aggregate_throughput": 1.3333333333333333,
        "time_taken": 2.288818359375e-05
    },
    "booksim_simulation": {
        "0.001": {
            "packet_latency": {
                "avg": 37.9416,
                "min": 30.0,
                "max": 52.0
            },
            "network_latency": {
                "avg": 37.9416,
                "min": 30.0,
                "max": 52.0
            },
            "flit_latency": {
                "avg": 37.9416,
                "min": 30.0,
                "max": 52.0
            },
            "fragmentation": {
                "avg": 0.0,
                "min": 0.0,
                "max": 0.0
            },
            "injected_packet_rate": {
                "avg": 0.000820605,
                "min": 0.0,
                "max": 0.00105121
            },
            "accepted_packet_rate": {
                "avg": 0.000820605,
                "min": 0.0,
                "max": 0.00738544
            },
            "injected_flit_rate": {
                "avg": 0.000820605,
                "min": 0.0,
                "max": 0.00105121
            },
            "accepted_flit_rate": {
                "avg": 0.000820605,
                "min": 0.0,
                "max": 0.00738544
            },
            "injected_packet_size": {
                "avg": 1.0
            },
            "accepted_packet_size": {
                "avg": 1.0
            },
            "hops": {
                "avg": 2.48905
            },
            "total_run_time": 0.053143
        },
        "0.1": {
            "packet_latency": {
                "avg": 53.0628,
                "min": 30.0,
                "max": 108.0
            },
            "network_latency": {
                "avg": 53.0628,
                "min": 30.0,
                "max": 108.0
            },
            "flit_latency": {
                "avg": 53.0581,
                "min": 30.0,
                "max": 108.0
            },
            "fragmentation": {
                "avg": 0.0,
                "min": 0.0,
                "max": 0.0
            },
            "injected_packet_rate": {
                "avg": 0.0877201,
                "min": 0.0,
                "max": 0.101462
            },
            "accepted_packet_rate": {
                "avg": 0.0875734,
                "min": 0.0,
                "max": 0.78816
            },
            "injected_flit_rate": {
                "avg": 0.0877201,
                "min": 0.0,
                "max": 0.101462
            },
            "accepted_flit_rate": {
                "avg": 0.0875734,
                "min": 0.0,
                "max": 0.78816
            },
            "injected_packet_size": {
                "avg": 1.0
            },
            "accepted_packet_size": {
                "avg": 1.0
            },
            "hops": {
                "avg": 2.49925
            },
            "total_run_time": 0.10759
        },
        "0.11": {
            "packet_latency": {
                "avg": 54.538,
                "min": 30.0,
                "max": 108.0
            },
            "network_latency": {
                "avg": 54.538,
                "min": 30.0,
                "max": 108.0
            },
            "flit_latency": {
                "avg": 54.5323,
                "min": 30.0,
                "max": 108.0
            },
            "fragmentation": {
                "avg": 0.0,
                "min": 0.0,
                "max": 0.0
            },
            "injected_packet_rate": {
                "avg": 0.0963522,
                "min": 0.0,
                "max": 0.112736
            },
            "accepted_packet_rate": {
                "avg": 0.0961373,
                "min": 0.0,
                "max": 0.865236
            },
            "injected_flit_rate": {
                "avg": 0.0963522,
                "min": 0.0,
                "max": 0.112736
            },
            "accepted_flit_rate": {
                "avg": 0.0961373,
                "min": 0.0,
                "max": 0.865236
            },
            "injected_packet_size": {
                "avg": 1.0
            },
            "accepted_packet_size": {
                "avg": 1.0
            },
            "hops": {
                "avg": 2.492
            },
            "total_run_time": 0.114679
        },
        "0.12": {
            "packet_latency": {
                "avg": 60.0355,
                "min": 30.0,
                "max": 196.0
            },
            "network_latency": {
                "avg": 60.0355,
                "min": 30.0,
                "max": 196.0
            },
            "flit_latency": {
                "avg": 60.0157,
                "min": 30.0,
                "max": 196.0
            },
            "fragmentation": {
                "avg": 0.0,
                "min": 0.0,
                "max": 0.0
            },
            "injected_packet_rate": {
                "avg": 0.10543,
                "min": 0.0,
                "max": 0.119811
            },
            "accepted_packet_rate": {
                "avg": 0.105194,
                "min": 0.0,
                "max": 0.946745
            },
            "injected_flit_rate": {
                "avg": 0.10543,
                "min": 0.0,
                "max": 0.119811
            },
            "accepted_flit_rate": {
                "avg": 0.105194,
                "min": 0.0,
                "max": 0.946745
            },
            "injected_packet_size": {
                "avg": 1.0
            },
            "accepted_packet_size": {
                "avg": 1.0
            },
            "hops": {
                "avg": 2.49841
            },
            "total_run_time": 0.129273
        },
        "0.121": {
            "packet_latency": {
                "avg": 61.6462,
                "min": 30.0,
                "max": 204.0
            },
            "network_latency": {
                "avg": 61.6462,
                "min": 30.0,
                "max": 204.0
            },
            "flit_latency": {
                "avg": 61.6372,
                "min": 30.0,
                "max": 204.0
            },
            "fragmentation": {
                "avg": 0.0,
                "min": 0.0,
                "max": 0.0
            },
            "injected_packet_rate": {
                "avg": 0.106457,
                "min": 0.0,
                "max": 0.122123
            },
            "accepted_packet_rate": {
                "avg": 0.106205,
                "min": 0.0,