{
    "area_summary": {
        "chip_width": 28.807000000000002,
        "chip_height": 28.807000000000002,
        "total_chiplet_area": 438.4194600000001,
        "total_interposer_area": 829.8432490000001,
        "time_taken": 0.00010156631469726562
    },
    "power_summary": {
        "total_power": 242.138,
        "total_chiplet_power": 242.138,
        "total_interposer_power": 0,
        "time_taken": 0.00011920928955078125
    },
    "link_summary": {
        "lengths": {
            "min": 6.654,
            "avg": 16.864444444444445,
            "max": 27.797,
            "histogram": {
                "7.602": 2,
                "27.797": 4,
                "13.195": 2,
                "8.654": 1,
                "27.0": 1,
                "18.938": 1,
                "9.602": 2,
                "15.195": 2,
                "6.654": 1,
                "23.0": 1,
                "16.938": 1
            }
        },
        "bandwidths": {
            "min": -2.0,
            "avg": 870.2222222222222,
            "max": 1933.0,
            "histogram": {
                "794.0": 10,
                "1933.0": 4,
                "-2.0": 4
            }
        },
        "time_taken": 6.985664367675781e-05
    },
    "latency": {
        "min": 45,
        "avg": 60.500000000000014,
        "max": 76,
        "time_taken": 0.0002982616424560547
    },
    "throughput": {
        "aggregate_throughput": -16.0,
        "time_taken": 3.24249267578125e-05
    },
    "booksim_simulation": {
        "0.001": {
            "packet_latency": {
                "avg": 63.5912,
                "min": 50.0,
                "max": 92.0
            },
            "network_latency": {
                "avg": 63.5912,
                "min": 50.0,
                "max": 92.0
            },
            "flit_latency": {
                "avg": 63.5912,
                "min": 50.0,
                "max": 92.0
            },
            "fragmentation": {
                "avg": 0.0,
                "min": 0.0,
                "max": 0.0
            },
            "injected_packet_rate": {
                "avg": 0.000820605,
                "min": 0.0,
                "max": 0.00105121
            },
            "accepted_packet_rate": {
                "avg": 0.000820605,
                "min": 0.0,
                "max": 0.00738544
            },
            "injected_flit_rate": {
                "avg": 0.000820605,
                "min": 0.0,
                "max": 0.00105121
            },
            "accepted_flit_rate": {
                "avg": 0.000820605,
                "min": 0.0,
                "max": 0.00738544
            },
            "injected_packet_size": {
                "avg": 1.0
            },
            "accepted_packet_size": {
                "avg": 1.0
            },
            "hops": {
                "avg": 2.48905
            },
            "total_run_time": 0.0554678
        },
        "0.1": {
            "packet_latency": {
                "avg": 98.3053,
                "min": 50.0,
                "max": 149.0
            },
            "network_latency": {
                "avg": 98.3053,
                "min": 50.0,
                "max": 149.0
            },
            "flit_latency": {
                "avg": 98.2768,
                "min": 50.0,
                "max": 149.0
            },
            "fragmentation": {
                "avg": 0.0,
                "min": 0.0,
                "max": 0.0
            },
            "injected_packet_rate": {
                "avg": 0.0877201,
                "min": 0.0,
                "max": 0.101462
            },
            "accepted_packet_rate": {
                "avg": 0.0873585,
                "min": 0.0,
                "max": 0.786226
            },
            "injected_flit_rate": {
                "avg": 0.0877201,
                "min": 0.0,
                "max": 0.101462
            },
            "accepted_flit_rate": {
                "avg": 0.0873585,
                "min": 0.0,
                "max": 0.786226
            },
            "injected_packet_size": {
                "avg": 1.0
            },
            "accepted_packet_size": {
                "avg": 1.0
            },
            "hops": {
                "avg": 2.49925
            },
            "total_run_time": 0.113606
        },
        "0.11": {
            "packet_latency": {
                "avg": 99.5042,
                "min": 50.0,
                "max": 161.0
            },
            "network_latency": {
                "avg": 99.5042,
                "min": 50.0,
                "max": 161.0
            },
            "flit_latency": {
                "avg": 99.4863,
                "min": 50.0,
                "max": 161.0
            },
            "fragmentation": {
                "avg": 0.0,
                "min": 0.0,
                "max": 0.0
            },
            "injected_packet_rate": {
                "avg": 0.0963522,
                "min": 0.0,
                "max": 0.112736
            },
            "accepted_packet_rate": {
                "avg": 0.0959382,
                "min": 0.0,
                "max": 0.863443
            },
            "injected_flit_rate": {
                "avg": 0.0963522,
                "min": 0.0,
                "max": 0.112736
            },
            "accepted_flit_rate": {
                "avg": 0.0959382,
                "min": 0.0,
                "max": 0.863443
            },
            "injected_packet_size": {
                "avg": 1.0
            },
            "accepted_packet_size": {
                "avg": 1.0
            },
            "hops": {
                "avg": 2.492
            },
            "total_run_time": 0.11879
        },
        "0.12": {
            "packet_latency": {
                "avg": 106.021,
                "min": 50.0,
                "max": 250.0
            },
            "network_latency": {
                "avg": 106.021,
                "min": 50.0,
                "max": 250.0
            },
            "flit_latency": {
                "avg": 105.998,
                "min": 50.0,
                "max": 250.0
            },
            "fragmentation": {
                "avg": 0.0,
                "min": 0.0,
                "max": 0.0
            },
            "injected_packet_rate": {
                "avg": 0.10543,
                "min": 0.0,
                "max": 0.119811
            },
            "accepted_packet_rate": {
                "avg": 0.104969,
                "min": 0.0,
                "max": 0.944717
            },
            "injected_flit_rate": {
                "avg": 0.10543,
                "min": 0.0,
                "max": 0.119811
            },
            "accepted_flit_rate": {
                "avg": 0.104969,
                "min": 0.0,
                "max": 0.944717
            },
            "injected_packet_size": {
                "avg": 1.0
            },
            "accepted_packet_size": {
                "avg": 1.0
            },
            "hops": {
                "avg": 2.49841
            },
            "total_run_time": 0.135073
        },
        "0.121": {
            "packet_latency": {
                "avg": 107.849,
                "min": 50.0,
                "max": 255.0
            },
            "network_latency": {
                "avg": 107.849,
                "min": 50.0,
                "max": 255.0
            },
            "flit_latency": {
                "avg": 107.944,
                "min": 50.0,
                "max": 255.0
            },
            "fragmentation": {
                "avg": 0.0,
                "min": 0.0,
                "max": 0.0
            },
            "injected_packet_rate": {
                "avg": 0.106457,
                "min": 0.0,
                "max": 0.122123
            },
            "accepted_packet_rate": {
                "avg": 0.105975,