{
    "area_summary": {
        "chip_width": 58.797,
        "chip_height": 58.797,
        "total_chiplet_area": 1908.871119,
        "total_interposer_area": 3457.087209,
        "time_taken": 0.00017261505126953125
    },
    "power_summary": {
        "total_power": 705.638,
        "total_chiplet_power": 705.638,
        "total_interposer_power": 0,
        "time_taken": 0.0003654956817626953
    },
    "link_summary": {
        "lengths": {
            "min": 6.608,
            "avg": 20.772277777777774,
            "max": 29.398,
            "histogram": {
                "14.69": 5,
                "24.474": 8,
                "25.399": 2,
                "27.797": 20,
                "29.398": 3,
                "10.0": 15,
                "24.007": 3,
                "12.398": 1,
                "24.053": 1,
                "21.938": 1,
                "8.399": 1,
                "20.216": 3,
                "24.076": 1,
                "19.608": 2,
                "6.608": 1,
                "20.262": 1,
                "23.938": 1,
                "17.076": 1,
                "27.399": 1,
                "23.398": 1
            }
        },
        "bandwidths": {
            "min": -4.0,
            "avg": 981.5625,
            "max": 1928.5,
            "histogram": {
                "-4.0": 27,
                "794.0": 9,
                "1928.5": 33,
                "-2.0": 3
            }
        },
        "time_taken": 0.00021147727966308594
    },
    "latency": {
        "min": 34,
        "avg": 79.25714285714282,
        "max": 135,
        "time_taken": 0.003347635269165039
    },
    "throughput": {
        "aggregate_throughput": -140.0,
        "time_taken": 0.00010061264038085938
    },
    "booksim_simulation": {
        "0.001": {
            "packet_latency": {
                "avg": 59.2098,
                "min": 28.0,
                "max": 111.0
            },
            "network_latency": {
                "avg": 59.2098,
                "min": 28.0,
                "max": 111.0
            },
            "flit_latency": {
                "avg": 59.1993,
                "min": 28.0,
                "max": 111.0
            },
            "fragmentation": {
                "avg": 0.0,
                "min": 0.0,
                "max": 0.0
            },
            "injected_packet_rate": {
                "avg": 0.000978337,
                "min": 0.0,
                "max": 0.00138365
            },
            "accepted_packet_rate": {
                "avg": 0.000975716,
                "min": 0.0,
                "max": 0.0351258
            },
            "injected_flit_rate": {
                "avg": 0.000978337,
                "min": 0.0,
                "max": 0.00138365
            },
            "accepted_flit_rate": {
                "avg": 0.000975716,
                "min": 0.0,
                "max": 0.0351258
            },
            "injected_packet_size": {
                "avg": 1.0
            },
            "accepted_packet_size": {
                "avg": 1.0
            },
            "hops": {
                "avg": 4.00536
            },
            "total_run_time": 0.203114
        },
        "0.01": {
            "packet_latency": {
                "avg": 68.5814,
                "min": 28.0,
                "max": 138.0
            },
            "network_latency": {
                "avg": 68.5814,
                "min": 28.0,
                "max": 138.0
            },
            "flit_latency": {
                "avg": 68.6131,
                "min": 28.0,
                "max": 138.0
            },
            "fragmentation": {
                "avg": 0.0,
                "min": 0.0,
                "max": 0.0
            },
            "injected_packet_rate": {
                "avg": 0.00968422,
                "min": 0.0,
                "max": 0.0111792
            },
            "accepted_packet_rate": {
                "avg": 0.00965933,
                "min": 0.0,
                "max": 0.347736
            },
            "injected_flit_rate": {
                "avg": 0.00968422,
                "min": 0.0,
                "max": 0.0111792
            },
            "accepted_flit_rate": {
                "avg": 0.00965933,
                "min": 0.0,
                "max": 0.347736
            },
            "injected_packet_size": {
                "avg": 1.0
            },
            "accepted_packet_size": {
                "avg": 1.0
            },
            "hops": {
                "avg": 4.08104
            },
            "total_run_time": 0.205058
        },
        "0.020000000000000004": {
            "packet_latency": {
                "avg": 73.8776,
                "min": 28.0,
                "max": 153.0
            },
            "network_latency": {
                "avg": 73.8776,
                "min": 28.0,
                "max": 153.0
            },
            "flit_latency": {
                "avg": 73.8679,
                "min": 28.0,
                "max": 153.0
            },
            "fragmentation": {
                "avg": 0.0,
                "min": 0.0,
                "max": 0.0
            },
            "injected_packet_rate": {
                "avg": 0.0194654,
                "min": 0.0,
                "max": 0.0224057
            },
            "accepted_packet_rate": {
                "avg": 0.0194038,
                "min": 0.0,
                "max": 0.698538
            },
            "injected_flit_rate": {
                "avg": 0.0194654,
                "min": 0.0,
                "max": 0.0224057
            },
            "accepted_flit_rate": {
                "avg": 0.0194038,
                "min": 0.0,
                "max": 0.698538
            },
            "injected_packet_size": {
                "avg": 1.0
            },
            "accepted_packet_size": {
                "avg": 1.0
            },
            "hops": {
                "avg": 4.08603
            },
            "total_run_time": 0.259456
        },
        "0.021000000000000005": {
            "packet_latency": {
                "avg": 74.6796,
                "min": 28.0,
                "max": 161.0
            },
            "network_latency": {
                "avg": 74.6796,
                "min": 28.0,
                "max": 161.0
            },
            "flit_latency": {
                "avg": 74.6662,
                "min": 28.0,
                "max": 161.0
            },
            "fragmentation": {
                "avg": 0.0,
                "min": 0.0,
                "max": 0.0
            },
            "injected_packet_rate": {
                "avg": 0.0204547,
                "min": 0.0,
                "max": 0.0231132
            },
            "accepted_packet_rate": {
                "avg": 0.0203852,
                "min": 0.0,
                "max": 0.733868
            },
            "injected_flit_rate": {
                "avg": 0.0204547,
                "min": 0.0,
                "max": 0.0231132
            },
            "accepted_flit_rate": {
                "avg": 0.0203852,
                "min": 0.0,
                "max": 0.733868
            },
            "injected_packet_size": {
                "avg": 1.0
            },
            "accepted_packet_size": {
                "avg": 1.0
            },
            "hops": {
                "avg": 4.0991
            },
            "total_run_time": 0.297095
        },
        "0.022000000000000006": {
            "packet_latency": {
                "avg": 74.9215,
                "min": 28.0,
                "max": 163.0
            },
            "network_latency": {
                "avg": 74.9215,
                "min": 28.0,
                "max": 163.0
            },
            "flit_latency": {
                "avg": 74.9276,
                "min": 28.0,
                "max": 163.0
            },