{
    "area_summary": {
        "chip_width": 58.797,
        "chip_height": 58.797,
        "total_chiplet_area": 1908.871119,
        "total_interposer_area": 3457.087209,
        "time_taken": 0.0006327629089355469
    },
    "power_summary": {
        "total_power": 705.638,
        "total_chiplet_power": 705.638,
        "total_interposer_power": 0,
        "time_taken": 0.00028586387634277344
    },
    "link_summary": {
        "lengths": {
            "min": 9.608,
            "avg": 15.770983333333332,
            "max": 19.398,
            "histogram": {
                "14.474": 8,
                "10.216": 4,
                "17.797": 29,
                "15.399": 3,
                "19.398": 3,
                "9.608": 2,
                "14.007": 3,
                "14.076": 2,
                "10.262": 2,
                "17.399": 1,
                "14.053": 1,
                "14.336": 1,
                "13.398": 1
            }
        },
        "bandwidths": {
            "min": -4.0,
            "avg": 1036.5083333333334,
            "max": 1928.5,
            "histogram": {
                "-4.0": 21,
                "1928.5": 29,
                "794.0": 8,
                "-2.0": 2
            }
        },
        "time_taken": 0.00017380714416503906
    },
    "latency": {
        "min": 34,
        "avg": 76.39999999999995,
        "max": 144,
        "time_taken": 0.0034542083740234375
    },
    "throughput": {
        "aggregate_throughput": -140.0,
        "time_taken": 8.368492126464844e-05
    },
    "booksim_simulation": {
        "0.001": {
            "packet_latency": {
                "avg": 60.7563,
                "min": 28.0,
                "max": 118.0
            },
            "network_latency": {
                "avg": 60.7563,
                "min": 28.0,
                "max": 118.0
            },
            "flit_latency": {
                "avg": 60.7731,
                "min": 28.0,
                "max": 118.0
            },
            "fragmentation": {
                "avg": 0.0,
                "min": 0.0,
                "max": 0.0
            },
            "injected_packet_rate": {
                "avg": 0.000978337,
                "min": 0.0,
                "max": 0.00138365
            },
            "accepted_packet_rate": {
                "avg": 0.00097659,
                "min": 0.0,
                "max": 0.0351572
            },
            "injected_flit_rate": {
                "avg": 0.000978337,
                "min": 0.0,
                "max": 0.00138365
            },
            "accepted_flit_rate": {
                "avg": 0.00097659,
                "min": 0.0,
                "max": 0.0351572
            },
            "injected_packet_size": {
                "avg": 1.0
            },
            "accepted_packet_size": {
                "avg": 1.0
            },
            "hops": {
                "avg": 4.10446
            },
            "total_run_time": 0.193011
        },
        "0.01": {
            "packet_latency": {
                "avg": 68.7063,
                "min": 28.0,
                "max": 134.0
            },
            "network_latency": {
                "avg": 68.7063,
                "min": 28.0,
                "max": 134.0
            },
            "flit_latency": {
                "avg": 68.7301,
                "min": 28.0,
                "max": 134.0
            },
            "fragmentation": {
                "avg": 0.0,
                "min": 0.0,
                "max": 0.0
            },
            "injected_packet_rate": {
                "avg": 0.00968422,
                "min": 0.0,
                "max": 0.0111792
            },
            "accepted_packet_rate": {
                "avg": 0.00965802,
                "min": 0.0,
                "max": 0.347689
            },
            "injected_flit_rate": {
                "avg": 0.00968422,
                "min": 0.0,
                "max": 0.0111792
            },
            "accepted_flit_rate": {
                "avg": 0.00965802,
                "min": 0.0,
                "max": 0.347689
            },
            "injected_packet_size": {
                "avg": 1.0
            },
            "accepted_packet_size": {
                "avg": 1.0
            },
            "hops": {
                "avg": 4.08632
            },
            "total_run_time": 0.188948
        },
        "0.020000000000000004": {
            "packet_latency": {
                "avg": 73.6136,
                "min": 28.0,
                "max": 151.0
            },
            "network_latency": {
                "avg": 73.6136,
                "min": 28.0,
                "max": 151.0
            },
            "flit_latency": {
                "avg": 73.5844,
                "min": 28.0,
                "max": 151.0
            },
            "fragmentation": {
                "avg": 0.0,
                "min": 0.0,
                "max": 0.0
            },
            "injected_packet_rate": {
                "avg": 0.0194654,
                "min": 0.0,
                "max": 0.0224057
            },
            "accepted_packet_rate": {
                "avg": 0.0193986,
                "min": 0.0,
                "max": 0.698349
            },
            "injected_flit_rate": {
                "avg": 0.0194654,
                "min": 0.0,
                "max": 0.0224057
            },
            "accepted_flit_rate": {
                "avg": 0.0193986,
                "min": 0.0,
                "max": 0.698349
            },
            "injected_packet_size": {
                "avg": 1.0
            },
            "accepted_packet_size": {
                "avg": 1.0
            },
            "hops": {
                "avg": 4.06879
            },
            "total_run_time": 0.256907
        },
        "0.021000000000000005": {
            "packet_latency": {
                "avg": 74.3934,
                "min": 28.0,
                "max": 149.0
            },
            "network_latency": {
                "avg": 74.3934,
                "min": 28.0,
                "max": 149.0
            },
            "flit_latency": {
                "avg": 74.3828,
                "min": 28.0,
                "max": 149.0
            },
            "fragmentation": {
                "avg": 0.0,
                "min": 0.0,
                "max": 0.0
            },
            "injected_packet_rate": {
                "avg": 0.0204547,
                "min": 0.0,
                "max": 0.0231132
            },
            "accepted_packet_rate": {
                "avg": 0.0203878,
                "min": 0.0,
                "max": 0.733962
            },
            "injected_flit_rate": {
                "avg": 0.0204547,
                "min": 0.0,
                "max": 0.0231132
            },
            "accepted_flit_rate": {
                "avg": 0.0203878,
                "min": 0.0,
                "max": 0.733962
            },
            "injected_packet_size": {
                "avg": 1.0
            },
            "accepted_packet_size": {
                "avg": 1.0
            },
            "hops": {
                "avg": 4.08866
            },
            "total_run_time": 0.254398
        },
        "0.022000000000000006": {
            "packet_latency": {
                "avg": 74.7657,
                "min": 28.0,
                "max": 144.0
            },
            "network_latency": {
                "avg": 74.7657,
                "min": 28.0,
                "max": 144.0
            },
            "flit_latency": {
                "avg": 74.7514,
                "min": 28.0,
                "max": 144.0
            },
            "fragmentation": {
                "avg": 0.0,
                "min": 0.0,
                "max": 0.0
            },
            "injected_packet_rate": {
                "avg": 0.0214269,
                "min": 0.0,