{
    "area_summary": {
        "chip_width": 158.807,
        "chip_height": 158.807,
        "total_chiplet_area": 19596.541963000014,
        "total_interposer_area": 25219.663248999997,
        "time_taken": 0.002327442169189453
    },
    "power_summary": {
        "total_power": 9875.138,
        "total_chiplet_power": 9875.138,
        "total_interposer_power": 0,
        "time_taken": 0.0033600330352783203
    },
    "link_summary": {
        "lengths": {
            "min": 13.398,
            "avg": 17.732016666666663,
            "max": 19.398,
            "histogram": {
                "17.797": 464,
                "15.399": 3,
                "19.398": 3,
                "13.398": 3,
                "17.399": 3,
                "14.053": 2,
                "14.336": 2
            }
        },
        "bandwidths": {
            "min": -2.0,
            "avg": 1888.4,
            "max": 1933.0,
            "histogram": {
                "1933.0": 464,
                "794.0": 12,
                "-2.0": 4
            }
        },
        "time_taken": 0.0012900829315185547
    },
    "latency": {
        "min": 56,
        "avg": 272.5490196078421,
        "max": 510,
        "time_taken": 1.4093363285064697
    },
    "throughput": {
        "aggregate_throughput": -72.85714285714286,
        "time_taken": 0.0013942718505859375
    },
    "booksim_simulation": {
        "0.0009999999999999985": {
            "packet_latency": {
                "avg": 335.283,
                "min": 65.0,
                "max": 659.0
            },
            "network_latency": {
                "avg": 335.283,
                "min": 65.0,
                "max": 659.0
            },
            "flit_latency": {
                "avg": 334.996,
                "min": 65.0,
                "max": 659.0
            },
            "fragmentation": {
                "avg": 0.0,
                "min": 0.0,
                "max": 0.0
            },
            "injected_packet_rate": {
                "avg": 0.00100177,
                "min": 0.0,
                "max": 0.00158491
            },
            "accepted_packet_rate": {
                "avg": 0.000989976,
                "min": 0.0,
                "max": 0.253434
            },
            "injected_flit_rate": {
                "avg": 0.00100177,
                "min": 0.0,
                "max": 0.00158491
            },
            "accepted_flit_rate": {
                "avg": 0.000989976,
                "min": 0.0,
                "max": 0.253434
            },
            "injected_packet_size": {
                "avg": 1.0
            },
            "accepted_packet_size": {
                "avg": 1.0
            },
            "hops": {
                "avg": 9.07357
            },
            "total_run_time": 1.56883
        },
        "0.001": {
            "packet_latency": {
                "avg": 335.283,
                "min": 65.0,
                "max": 659.0
            },
            "network_latency": {
                "avg": 335.283,
                "min": 65.0,
                "max": 659.0
            },
            "flit_latency": {
                "avg": 334.996,
                "min": 65.0,
                "max": 659.0
            },
            "fragmentation": {
                "avg": 0.0,
                "min": 0.0,
                "max": 0.0
            },
            "injected_packet_rate": {
                "avg": 0.00100177,
                "min": 0.0,
                "max": 0.00158491
            },
            "accepted_packet_rate": {
                "avg": 0.000989976,
                "min": 0.0,
                "max": 0.253434
            },
            "injected_flit_rate": {
                "avg": 0.00100177,
                "min": 0.0,
                "max": 0.00158491
            },
            "accepted_flit_rate": {
                "avg": 0.000989976,
                "min": 0.0,
                "max": 0.253434
            },
            "injected_packet_size": {
                "avg": 1.0
            },
            "accepted_packet_size": {
                "avg": 1.0
            },
            "hops": {
                "avg": 9.07357
            },
            "total_run_time": 1.81881
        },
        "0.0019999999999999987": {
            "packet_latency": {
                "avg": 364.162,
                "min": 65.0,
                "max": 743.0
            },
            "network_latency": {
                "avg": 364.162,
                "min": 65.0,
                "max": 743.0
            },
            "flit_latency": {
                "avg": 364.141,
                "min": 65.0,
                "max": 743.0
            },
            "fragmentation": {
                "avg": 0.0,
                "min": 0.0,
                "max": 0.0
            },
            "injected_packet_rate": {
                "avg": 0.0020084,
                "min": 0.0,
                "max": 0.0030566
            },
            "accepted_packet_rate": {
                "avg": 0.00198261,
                "min": 0.0,
                "max": 0.507547
            },
            "injected_flit_rate": {
                "avg": 0.0020084,
                "min": 0.0,
                "max": 0.0030566
            },
            "accepted_flit_rate": {
                "avg": 0.00198261,
                "min": 0.0,
                "max": 0.507547
            },
            "injected_packet_size": {
                "avg": 1.0
            },
            "accepted_packet_size": {
                "avg": 1.0
            },
            "hops": {
                "avg": 9.04646
            },
            "total_run_time": 2.3373
        },
        "0.002999999999999999": {
            "packet_latency": {
                "avg": 374.36,
                "min": 60.0,
                "max": 743.0
            },
            "network_latency": {
                "avg": 374.36,
                "min": 60.0,
                "max": 743.0
            },
            "flit_latency": {
                "avg": 374.367,
                "min": 60.0,
                "max": 743.0
            },
            "fragmentation": {
                "avg": 0.0,
                "min": 0.0,
                "max": 0.0
            },
            "injected_packet_rate": {
                "avg": 0.00298496,
                "min": 0.0,
                "max": 0.00384906
            },
            "accepted_packet_rate": {
                "avg": 0.00293956,
                "min": 0.0,
                "max": 0.752528
            },
            "injected_flit_rate": {
                "avg": 0.00298496,
                "min": 0.0,
                "max": 0.00384906
            },
            "accepted_flit_rate": {
                "avg": 0.00293956,
                "min": 0.0,
                "max": 0.752528
            },
            "injected_packet_size": {
                "avg": 1.0
            },
            "accepted_packet_size": {
                "avg": 1.0
            },
            "hops": {
                "avg": 9.04286
            },
            "total_run_time": 2.55356
        },
        "n_nodes": 256,
        "time_taken": 12.745396375656128
    },
    "total_time_taken": 14.163113594055176
}