{
    "area_summary": {
        "chip_width": 158.797,
        "chip_height": 158.797,
        "total_chiplet_area": 12905.643565000064,
        "total_interposer_area": 25216.487209,
        "time_taken": 0.0006778240203857422
    },
    "power_summary": {
        "total_power": 5059.638,
        "total_chiplet_power": 5059.638,
        "total_interposer_power": 0,
        "time_taken": 0.0025734901428222656
    },
    "link_summary": {
        "lengths": {
            "min": 9.608,
            "avg": 24.072832031249998,
            "max": 157.797,
            "histogram": {
                "14.474": 158,
                "17.797": 152,
                "14.007": 154,
                "15.399": 3,
                "15.608": 3,
                "9.608": 3,
                "17.399": 3,
                "10.262": 2,
                "14.336": 2,
                "150.216": 12,
                "157.797": 18,
                "157.0": 1,
                "153.0": 1
            }
        },
        "bandwidths": {
            "min": -4.0,
            "avg": 650.126953125,
            "max": 1928.5,
            "histogram": {
                "-4.0": 332,
                "1928.5": 170,
                "794.0": 8,
                "-2.0": 2
            }
        },
        "time_taken": 0.0017409324645996094
    },
    "latency": {
        "min": 34,
        "avg": 151.78823529411693,
        "max": 288,
        "time_taken": 0.20681190490722656
    },
    "throughput": {
        "aggregate_throughput": -1020.0,
        "time_taken": 0.0014884471893310547
    },
    "booksim_simulation": {
        "0.0009999999999999985": {
            "packet_latency": {
                "avg": 155.037,
                "min": 30.0,
                "max": 314.0
            },
            "network_latency": {
                "avg": 155.037,
                "min": 30.0,
                "max": 314.0
            },
            "flit_latency": {
                "avg": 155.18,
                "min": 30.0,
                "max": 314.0
            },
            "fragmentation": {
                "avg": 0.0,
                "min": 0.0,
                "max": 0.0
            },
            "injected_packet_rate": {
                "avg": 0.000992593,
                "min": 0.0,
                "max": 0.00160377
            },
            "accepted_packet_rate": {
                "avg": 0.000985591,
                "min": 0.0,
                "max": 0.252311
            },
            "injected_flit_rate": {
                "avg": 0.000992593,
                "min": 0.0,
                "max": 0.00160377
            },
            "accepted_flit_rate": {
                "avg": 0.000985591,
                "min": 0.0,
                "max": 0.252311
            },
            "injected_packet_size": {
                "avg": 1.0
            },
            "accepted_packet_size": {
                "avg": 1.0
            },
            "hops": {
                "avg": 9.08224
            },
            "total_run_time": 1.20842
        },
        "0.001": {
            "packet_latency": {
                "avg": 155.037,
                "min": 30.0,
                "max": 314.0
            },
            "network_latency": {
                "avg": 155.037,
                "min": 30.0,
                "max": 314.0
            },
            "flit_latency": {
                "avg": 155.18,
                "min": 30.0,
                "max": 314.0
            },
            "fragmentation": {
                "avg": 0.0,
                "min": 0.0,
                "max": 0.0
            },
            "injected_packet_rate": {
                "avg": 0.000992593,
                "min": 0.0,
                "max": 0.00160377
            },
            "accepted_packet_rate": {
                "avg": 0.000985591,
                "min": 0.0,
                "max": 0.252311
            },
            "injected_flit_rate": {
                "avg": 0.000992593,
                "min": 0.0,
                "max": 0.00160377
            },
            "accepted_flit_rate": {
                "avg": 0.000985591,
                "min": 0.0,
                "max": 0.252311
            },
            "injected_packet_size": {
                "avg": 1.0
            },
            "accepted_packet_size": {
                "avg": 1.0
            },
            "hops": {
                "avg": 9.08224
            },
            "total_run_time": 1.15931
        },
        "0.0019999999999999987": {
            "packet_latency": {
                "avg": 162.953,
                "min": 32.0,
                "max": 323.0
            },
            "network_latency": {
                "avg": 162.953,
                "min": 32.0,
                "max": 323.0
            },
            "flit_latency": {
                "avg": 162.949,
                "min": 32.0,
                "max": 323.0
            },
            "fragmentation": {
                "avg": 0.0,
                "min": 0.0,
                "max": 0.0
            },
            "injected_packet_rate": {
                "avg": 0.00199753,
                "min": 0.0,
                "max": 0.00316038
            },
            "accepted_packet_rate": {
                "avg": 0.00198168,
                "min": 0.0,
                "max": 0.507311
            },
            "injected_flit_rate": {
                "avg": 0.00199753,
                "min": 0.0,
                "max": 0.00316038
            },
            "accepted_flit_rate": {
                "avg": 0.00198168,
                "min": 0.0,
                "max": 0.507311
            },
            "injected_packet_size": {
                "avg": 1.0
            },
            "accepted_packet_size": {
                "avg": 1.0
            },
            "hops": {
                "avg": 9.04169
            },
            "total_run_time": 1.67577
        },
        "0.002999999999999999": {
            "packet_latency": {
                "avg": 169.677,
                "min": 34.0,
                "max": 341.0
            },
            "network_latency": {
                "avg": 169.677,
                "min": 34.0,
                "max": 341.0
            },
            "flit_latency": {
                "avg": 169.64,
                "min": 34.0,
                "max": 341.0
            },
            "fragmentation": {
                "avg": 0.0,
                "min": 0.0,
                "max": 0.0
            },
            "injected_packet_rate": {
                "avg": 0.00297262,
                "min": 0.0,
                "max": 0.00410377
            },
            "accepted_packet_rate": {
                "avg": 0.00294719,
                "min": 0.0,
                "max": 0.754481
            },
            "injected_flit_rate": {
                "avg": 0.00297262,
                "min": 0.0,
                "max": 0.00410377
            },
            "accepted_flit_rate": {
                "avg": 0.00294719,
                "min": 0.0,
                "max": 0.754481
            },
            "injected_packet_size": {
                "avg": 1.0
            },
            "accepted_packet_size": {
                "avg": 1.0
            },
            "hops": {
                "avg": 9.03998
            },
            "total_run_time": 1.88659
        },
        "n_nodes": 256,
        "time_taken": 12.380218029022217
    },
    "total_time_taken": 12.593520164489746
}