{
    "area_summary": {
        "chip_width": 98.807,
        "chip_height": 98.807,
        "total_chiplet_area": 7496.675118999988,
        "total_interposer_area": 9762.823249000001,
        "time_taken": 0.0007557868957519531
    },
    "power_summary": {
        "total_power": 3791.138,
        "total_chiplet_power": 3791.138,
        "total_interposer_power": 0,
        "time_taken": 0.0008118152618408203
    },
    "link_summary": {
        "lengths": {
            "min": 13.398,
            "avg": 17.62371111111111,
            "max": 19.398,
            "histogram": {
                "17.797": 164,
                "15.399": 3,
                "19.398": 3,
                "13.398": 3,
                "17.399": 3,
                "14.053": 2,
                "14.336": 2
            }
        },
        "bandwidths": {
            "min": -2.0,
            "avg": 1814.0666666666666,
            "max": 1933.0,
            "histogram": {
                "1933.0": 164,
                "794.0": 12,
                "-2.0": 4
            }
        },
        "time_taken": 0.0005323886871337891
    },
    "latency": {
        "min": 56,
        "avg": 179.23232323232355,
        "max": 324,
        "time_taken": 0.03407740592956543
    },
    "throughput": {
        "aggregate_throughput": -49.5,
        "time_taken": 0.0003368854522705078
    },
    "booksim_simulation": {
        "0.001": {
            "packet_latency": {
                "avg": 212.295,
                "min": 60.0,
                "max": 423.0
            },
            "network_latency": {
                "avg": 212.295,
                "min": 60.0,
                "max": 423.0
            },
            "flit_latency": {
                "avg": 212.335,
                "min": 60.0,
                "max": 423.0
            },
            "fragmentation": {
                "avg": 0.0,
                "min": 0.0,
                "max": 0.0
            },
            "injected_packet_rate": {
                "avg": 0.00100868,
                "min": 0.0,
                "max": 0.00158491
            },
            "accepted_packet_rate": {
                "avg": 0.00100038,
                "min": 0.0,
                "max": 0.100038
            },
            "injected_flit_rate": {
                "avg": 0.00100868,
                "min": 0.0,
                "max": 0.00158491
            },
            "accepted_flit_rate": {
                "avg": 0.00100038,
                "min": 0.0,
                "max": 0.100038
            },
            "injected_packet_size": {
                "avg": 1.0
            },
            "accepted_packet_size": {
                "avg": 1.0
            },
            "hops": {
                "avg": 6.02245
            },
            "total_run_time": 0.538081
        },
        "0.01": {
            "packet_latency": {
                "avg": 290.508,
                "min": 60.0,
                "max": 693.0
            },
            "network_latency": {
                "avg": 290.508,
                "min": 60.0,
                "max": 693.0
            },
            "flit_latency": {
                "avg": 291.127,
                "min": 60.0,
                "max": 693.0
            },
            "fragmentation": {
                "avg": 0.0,
                "min": 0.0,
                "max": 0.0
            },
            "injected_packet_rate": {
                "avg": 0.00989811,
                "min": 0.0,
                "max": 0.0116509
            },
            "accepted_packet_rate": {
                "avg": 0.00973538,
                "min": 0.0,
                "max": 0.973538
            },
            "injected_flit_rate": {
                "avg": 0.00989811,
                "min": 0.0,
                "max": 0.0116509
            },
            "accepted_flit_rate": {
                "avg": 0.00973538,
                "min": 0.0,
                "max": 0.973538
            },
            "injected_packet_size": {
                "avg": 1.0
            },
            "accepted_packet_size": {
                "avg": 1.0
            },
            "hops": {
                "avg": 6.03998
            },
            "total_run_time": 0.931547
        },
        "n_nodes": 100,
        "time_taken": 2.983484983444214
    },
    "total_time_taken": 3.020005226135254
}