{
    "area_summary": {
        "chip_width": 58.797,
        "chip_height": 58.797,
        "total_chiplet_area": 2527.269735,
        "total_interposer_area": 3457.087209,
        "time_taken": 0.0001595020294189453
    },
    "power_summary": {
        "total_power": 740.138,
        "total_chiplet_power": 740.138,
        "total_interposer_power": 0,
        "time_taken": 0.0019769668579101562
    },
    "link_summary": {
        "lengths": {
            "min": 7.398,
            "avg": 18.03102857142857,
            "max": 27.797,
            "histogram": {
                "12.203": 19,
                "27.797": 19,
                "23.398": 2,
                "15.398": 3,
                "27.399": 2,
                "7.559": 1,
                "24.053": 1,
                "9.805": 2,
                "24.052": 1,
                "24.336": 1,
                "17.796": 3,
                "17.398": 1,
                "17.798": 3,
                "13.399": 1,
                "19.399": 1,
                "10.001": 3,
                "12.399": 1,
                "7.398": 1,
                "9.999": 3,
                "9.601": 1,
                "8.398": 1
            }
        },
        "bandwidths": {
            "min": 0.5,
            "avg": 1559.0142857142857,
            "max": 1928.5,
            "histogram": {
                "1928.5": 50,
                "794.0": 16,
                "0.5": 4
            }
        },
        "time_taken": 0.0003299713134765625
    },
    "latency": {
        "min": 34,
        "avg": 53.88571428571427,
        "max": 72,
        "time_taken": 0.003711223602294922
    },
    "throughput": {
        "aggregate_throughput": 1.1666666666666665,
        "time_taken": 9.441375732421875e-05
    },
    "booksim_simulation": {
        "0.001": {
            "packet_latency": {
                "avg": 42.0241,
                "min": 20.0,
                "max": 68.0
            },
            "network_latency": {
                "avg": 42.0241,
                "min": 20.0,
                "max": 68.0
            },
            "flit_latency": {
                "avg": 42.0437,
                "min": 20.0,
                "max": 68.0
            },
            "fragmentation": {
                "avg": 0.0,
                "min": 0.0,
                "max": 0.0
            },
            "injected_packet_rate": {
                "avg": 0.000978337,
                "min": 0.0,
                "max": 0.00138365
            },
            "accepted_packet_rate": {
                "avg": 0.000977463,
                "min": 0.0,
                "max": 0.0351887
            },
            "injected_flit_rate": {
                "avg": 0.000978337,
                "min": 0.0,
                "max": 0.00138365
            },
            "accepted_flit_rate": {
                "avg": 0.000977463,
                "min": 0.0,
                "max": 0.0351887
            },
            "injected_packet_size": {
                "avg": 1.0
            },
            "accepted_packet_size": {
                "avg": 1.0
            },
            "hops": {
                "avg": 3.97679
            },
            "total_run_time": 0.199826
        },
        "0.01": {
            "packet_latency": {
                "avg": 44.8141,
                "min": 20.0,
                "max": 77.0
            },
            "network_latency": {
                "avg": 44.8141,
                "min": 20.0,
                "max": 77.0
            },
            "flit_latency": {
                "avg": 44.8218,
                "min": 20.0,
                "max": 77.0
            },
            "fragmentation": {
                "avg": 0.0,
                "min": 0.0,
                "max": 0.0
            },
            "injected_packet_rate": {
                "avg": 0.00968422,
                "min": 0.0,
                "max": 0.0111792
            },
            "accepted_packet_rate": {
                "avg": 0.00966719,
                "min": 0.0,
                "max": 0.348019
            },
            "injected_flit_rate": {
                "avg": 0.00968422,
                "min": 0.0,
                "max": 0.0111792
            },
            "accepted_flit_rate": {
                "avg": 0.00966719,
                "min": 0.0,
                "max": 0.348019
            },
            "injected_packet_size": {
                "avg": 1.0
            },
            "accepted_packet_size": {
                "avg": 1.0
            },
            "hops": {
                "avg": 3.99215
            },
            "total_run_time": 0.163177
        },
        "0.020000000000000004": {
            "packet_latency": {
                "avg": 47.5611,
                "min": 20.0,
                "max": 90.0
            },
            "network_latency": {
                "avg": 47.5611,
                "min": 20.0,
                "max": 90.0
            },
            "flit_latency": {
                "avg": 47.553,
                "min": 20.0,
                "max": 90.0
            },
            "fragmentation": {
                "avg": 0.0,
                "min": 0.0,
                "max": 0.0
            },
            "injected_packet_rate": {
                "avg": 0.0194654,
                "min": 0.0,
                "max": 0.0224057
            },
            "accepted_packet_rate": {
                "avg": 0.0194261,
                "min": 0.0,
                "max": 0.69934
            },
            "injected_flit_rate": {
                "avg": 0.0194654,
                "min": 0.0,
                "max": 0.0224057
            },
            "accepted_flit_rate": {
                "avg": 0.0194261,
                "min": 0.0,
                "max": 0.69934
            },
            "injected_packet_size": {
                "avg": 1.0
            },
            "accepted_packet_size": {
                "avg": 1.0
            },
            "hops": {
                "avg": 3.99899
            },
            "total_run_time": 0.229456
        },
        "0.021000000000000005": {
            "packet_latency": {
                "avg": 47.7732,
                "min": 20.0,
                "max": 93.0
            },
            "network_latency": {
                "avg": 47.7732,
                "min": 20.0,
                "max": 93.0
            },
            "flit_latency": {
                "avg": 47.7725,
                "min": 20.0,
                "max": 93.0
            },
            "fragmentation": {
                "avg": 0.0,
                "min": 0.0,
                "max": 0.0
            },
            "injected_packet_rate": {
                "avg": 0.0204547,
                "min": 0.0,
                "max": 0.0231132
            },
            "accepted_packet_rate": {
                "avg": 0.0204088,
                "min": 0.0,
                "max": 0.734717
            },
            "injected_flit_rate": {
                "avg": 0.0204547,
                "min": 0.0,
                "max": 0.0231132
            },
            "accepted_flit_rate": {
                "avg": 0.0204088,
                "min": 0.0,
                "max": 0.734717
            },
            "injected_packet_size": {
                "avg": 1.0
            },
            "accepted_packet_size": {
                "avg": 1.0
            },
            "hops": {
                "avg": 3.99776
            },
            "total_run_time": 0.214439
        },
        "0.022000000000000006": {
            "packet_latency": {
                "avg": 48.3665,
                "min": 20.0,
                "max": 97.0
            },
            "network_latency": {
                "avg": 48.3665,
                "min": 20.0,
                "max": 97.0
            },
            "flit_latency": {
                "avg": 48.3534,
                "min": 20.0,
                "max": 97.0
            },