{
    "area_summary": {
        "chip_width": 158.797,
        "chip_height": 158.797,
        "total_chiplet_area": 19552.455715000087,
        "total_interposer_area": 25216.487209,
        "time_taken": 0.002179384231567383
    },
    "power_summary": {
        "total_power": 5250.138,
        "total_chiplet_power": 5250.138,
        "total_interposer_power": 0,
        "time_taken": 0.0025823116302490234
    },
    "link_summary": {
        "lengths": {
            "min": 13.398,
            "avg": 17.732016666666663,
            "max": 19.398,
            "histogram": {
                "17.797": 464,
                "15.399": 3,
                "19.398": 3,
                "13.398": 3,
                "17.399": 3,
                "14.053": 2,
                "14.336": 2
            }
        },
        "bandwidths": {
            "min": 0.5,
            "avg": 1884.0708333333334,
            "max": 1928.5,
            "histogram": {
                "1928.5": 464,
                "794.0": 12,
                "0.5": 4
            }
        },
        "time_taken": 0.0014133453369140625
    },
    "latency": {
        "min": 34,
        "avg": 98.7058823529408,
        "max": 180,
        "time_taken": 0.20310068130493164
    },
    "throughput": {
        "aggregate_throughput": 0.9960937500000023,
        "time_taken": 0.0013289451599121094
    },
    "booksim_simulation": {
        "0.0009999999999999985": {
            "packet_latency": {
                "avg": 90.2267,
                "min": 18.0,
                "max": 176.0
            },
            "network_latency": {
                "avg": 90.2267,
                "min": 18.0,
                "max": 176.0
            },
            "flit_latency": {
                "avg": 90.2862,
                "min": 18.0,
                "max": 176.0
            },
            "fragmentation": {
                "avg": 0.0,
                "min": 0.0,
                "max": 0.0
            },
            "injected_packet_rate": {
                "avg": 0.000992593,
                "min": 0.0,
                "max": 0.00160377
            },
            "accepted_packet_rate": {
                "avg": 0.000988539,
                "min": 0.0,
                "max": 0.253066
            },
            "injected_flit_rate": {
                "avg": 0.000992593,
                "min": 0.0,
                "max": 0.00160377
            },
            "accepted_flit_rate": {
                "avg": 0.000988539,
                "min": 0.0,
                "max": 0.253066
            },
            "injected_packet_size": {
                "avg": 1.0
            },
            "accepted_packet_size": {
                "avg": 1.0
            },
            "hops": {
                "avg": 9.08224
            },
            "total_run_time": 1.09863
        },
        "0.001": {
            "packet_latency": {
                "avg": 90.2267,
                "min": 18.0,
                "max": 176.0
            },
            "network_latency": {
                "avg": 90.2267,
                "min": 18.0,
                "max": 176.0
            },
            "flit_latency": {
                "avg": 90.2862,
                "min": 18.0,
                "max": 176.0
            },
            "fragmentation": {
                "avg": 0.0,
                "min": 0.0,
                "max": 0.0
            },
            "injected_packet_rate": {
                "avg": 0.000992593,
                "min": 0.0,
                "max": 0.00160377
            },
            "accepted_packet_rate": {
                "avg": 0.000988539,
                "min": 0.0,
                "max": 0.253066
            },
            "injected_flit_rate": {
                "avg": 0.000992593,
                "min": 0.0,
                "max": 0.00160377
            },
            "accepted_flit_rate": {
                "avg": 0.000988539,
                "min": 0.0,
                "max": 0.253066
            },
            "injected_packet_size": {
                "avg": 1.0
            },
            "accepted_packet_size": {
                "avg": 1.0
            },
            "hops": {
                "avg": 9.08224
            },
            "total_run_time": 1.24693
        },
        "0.0019999999999999987": {
            "packet_latency": {
                "avg": 91.4151,
                "min": 18.0,
                "max": 180.0
            },
            "network_latency": {
                "avg": 91.4151,
                "min": 18.0,
                "max": 180.0
            },
            "flit_latency": {
                "avg": 91.4106,
                "min": 18.0,
                "max": 180.0
            },
            "fragmentation": {
                "avg": 0.0,
                "min": 0.0,
                "max": 0.0
            },
            "injected_packet_rate": {
                "avg": 0.00199753,
                "min": 0.0,
                "max": 0.00316038
            },
            "accepted_packet_rate": {
                "avg": 0.00198869,
                "min": 0.0,
                "max": 0.509104
            },
            "injected_flit_rate": {
                "avg": 0.00199753,
                "min": 0.0,
                "max": 0.00316038
            },
            "accepted_flit_rate": {
                "avg": 0.00198869,
                "min": 0.0,
                "max": 0.509104
            },
            "injected_packet_size": {
                "avg": 1.0
            },
            "accepted_packet_size": {
                "avg": 1.0
            },
            "hops": {
                "avg": 9.04169
            },
            "total_run_time": 1.24011
        },
        "0.002999999999999999": {
            "packet_latency": {
                "avg": 93.4614,
                "min": 18.0,
                "max": 193.0
            },
            "network_latency": {
                "avg": 93.4614,
                "min": 18.0,
                "max": 193.0
            },
            "flit_latency": {
                "avg": 93.4694,
                "min": 18.0,
                "max": 193.0
            },
            "fragmentation": {
                "avg": 0.0,
                "min": 0.0,
                "max": 0.0
            },
            "injected_packet_rate": {
                "avg": 0.00297262,
                "min": 0.0,
                "max": 0.00410377
            },
            "accepted_packet_rate": {
                "avg": 0.00295843,
                "min": 0.0,
                "max": 0.757358
            },
            "injected_flit_rate": {
                "avg": 0.00297262,
                "min": 0.0,
                "max": 0.00410377
            },
            "accepted_flit_rate": {
                "avg": 0.00295843,
                "min": 0.0,
                "max": 0.757358
            },
            "injected_packet_size": {
                "avg": 1.0
            },
            "accepted_packet_size": {
                "avg": 1.0
            },
            "hops": {
                "avg": 9.03998
            },
            "total_run_time": 1.49661
        },
        "n_nodes": 256,
        "time_taken": 11.253607034683228
    },
    "total_time_taken": 11.464220523834229
}