{
    "area_summary": {
        "chip_width": 28.797,
        "chip_height": 28.797,
        "total_chiplet_area": 437.81509200000005,
        "total_interposer_area": 829.267209,
        "time_taken": 0.0001270771026611328
    },
    "power_summary": {
        "total_power": 186.638,
        "total_chiplet_power": 186.638,
        "total_interposer_power": 0,
        "time_taken": 0.00012040138244628906
    },
    "link_summary": {
        "lengths": {
            "min": 7.398,
            "avg": 15.961875,
            "max": 24.336,
            "histogram": {
                "7.559": 1,
                "23.0": 2,
                "13.0": 2,
                "24.053": 1,
                "24.052": 1,
                "24.336": 1,
                "15.398": 1,
                "17.398": 1,
                "13.399": 1,
                "19.399": 1,
                "12.399": 1,
                "7.398": 1,
                "9.601": 1,
                "8.398": 1
            }
        },
        "bandwidths": {
            "min": 0.5,
            "avg": 595.625,
            "max": 794.0,
            "histogram": {
                "0.5": 4,
                "794.0": 12
            }
        },
        "time_taken": 6.413459777832031e-05
    },
    "latency": {
        "min": 34,
        "avg": 44.0,
        "max": 54,
        "time_taken": 0.0003230571746826172
    },
    "throughput": {
        "aggregate_throughput": 1.3333333333333333,
        "time_taken": 2.1219253540039062e-05
    },
    "booksim_simulation": {
        "0.001": {
            "packet_latency": {
                "avg": 38.4015,
                "min": 30.0,
                "max": 55.0
            },
            "network_latency": {
                "avg": 38.4015,
                "min": 30.0,
                "max": 55.0
            },
            "flit_latency": {
                "avg": 38.4015,
                "min": 30.0,
                "max": 55.0
            },
            "fragmentation": {
                "avg": 0.0,
                "min": 0.0,
                "max": 0.0
            },
            "injected_packet_rate": {
                "avg": 0.000820605,
                "min": 0.0,
                "max": 0.00105121
            },
            "accepted_packet_rate": {
                "avg": 0.000820605,
                "min": 0.0,
                "max": 0.00738544
            },
            "injected_flit_rate": {
                "avg": 0.000820605,
                "min": 0.0,
                "max": 0.00105121
            },
            "accepted_flit_rate": {
                "avg": 0.000820605,
                "min": 0.0,
                "max": 0.00738544
            },
            "injected_packet_size": {
                "avg": 1.0
            },
            "accepted_packet_size": {
                "avg": 1.0
            },
            "hops": {
                "avg": 2.51095
            },
            "total_run_time": 0.0393651
        },
        "0.1": {
            "packet_latency": {
                "avg": 52.8466,
                "min": 30.0,
                "max": 98.0
            },
            "network_latency": {
                "avg": 52.8466,
                "min": 30.0,
                "max": 98.0
            },
            "flit_latency": {
                "avg": 52.8458,
                "min": 30.0,
                "max": 98.0
            },
            "fragmentation": {
                "avg": 0.0,
                "min": 0.0,
                "max": 0.0
            },
            "injected_packet_rate": {
                "avg": 0.0877201,
                "min": 0.0,
                "max": 0.101462
            },
            "accepted_packet_rate": {
                "avg": 0.0875681,
                "min": 0.0,
                "max": 0.788113
            },
            "injected_flit_rate": {
                "avg": 0.0877201,
                "min": 0.0,
                "max": 0.101462
            },
            "accepted_flit_rate": {
                "avg": 0.0875681,
                "min": 0.0,
                "max": 0.788113
            },
            "injected_packet_size": {
                "avg": 1.0
            },
            "accepted_packet_size": {
                "avg": 1.0
            },
            "hops": {
                "avg": 2.50075
            },
            "total_run_time": 0.0845718
        },
        "0.11": {
            "packet_latency": {
                "avg": 54.8486,
                "min": 30.0,
                "max": 104.0
            },
            "network_latency": {
                "avg": 54.8486,
                "min": 30.0,
                "max": 104.0
            },
            "flit_latency": {
                "avg": 54.8529,
                "min": 30.0,
                "max": 104.0
            },
            "fragmentation": {
                "avg": 0.0,
                "min": 0.0,
                "max": 0.0
            },
            "injected_packet_rate": {
                "avg": 0.0963522,
                "min": 0.0,
                "max": 0.112736
            },
            "accepted_packet_rate": {
                "avg": 0.0961268,
                "min": 0.0,
                "max": 0.865142
            },
            "injected_flit_rate": {
                "avg": 0.0963522,
                "min": 0.0,
                "max": 0.112736
            },
            "accepted_flit_rate": {
                "avg": 0.0961268,
                "min": 0.0,
                "max": 0.865142
            },
            "injected_packet_size": {
                "avg": 1.0
            },
            "accepted_packet_size": {
                "avg": 1.0
            },
            "hops": {
                "avg": 2.508
            },
            "total_run_time": 0.091887
        },
        "0.12": {
            "packet_latency": {
                "avg": 60.3666,
                "min": 30.0,
                "max": 196.0
            },
            "network_latency": {
                "avg": 60.3666,
                "min": 30.0,
                "max": 196.0
            },
            "flit_latency": {
                "avg": 60.3501,
                "min": 30.0,
                "max": 196.0
            },
            "fragmentation": {
                "avg": 0.0,
                "min": 0.0,
                "max": 0.0
            },
            "injected_packet_rate": {
                "avg": 0.10543,
                "min": 0.0,
                "max": 0.119811
            },
            "accepted_packet_rate": {
                "avg": 0.105178,
                "min": 0.0,
                "max": 0.946604
            },
            "injected_flit_rate": {
                "avg": 0.10543,
                "min": 0.0,
                "max": 0.119811
            },
            "accepted_flit_rate": {
                "avg": 0.105178,
                "min": 0.0,
                "max": 0.946604
            },
            "injected_packet_size": {
                "avg": 1.0
            },
            "accepted_packet_size": {
                "avg": 1.0
            },
            "hops": {
                "avg": 2.50159
            },
            "total_run_time": 0.106627
        },
        "0.121": {
            "packet_latency": {
                "avg": 61.6701,
                "min": 30.0,
                "max": 203.0
            },
            "network_latency": {
                "avg": 61.6701,
                "min": 30.0,
                "max": 203.0
            },
            "flit_latency": {
                "avg": 61.6535,
                "min": 30.0,
                "max": 203.0
            },
            "fragmentation": {
                "avg": 0.0,
                "min": 0.0,
                "max": 0.0
            },
            "injected_packet_rate": {
                "avg": 0.106457,
                "min": 0.0,
                "max": 0.122123
            },
            "accepted_packet_rate": {
                "avg": 0.10619,