{
    "area_summary": {
        "chip_width": 98.797,
        "chip_height": 98.797,
        "total_chiplet_area": 4852.1813170000005,
        "total_interposer_area": 9760.847209,
        "time_taken": 0.00030231475830078125
    },
    "power_summary": {
        "total_power": 1965.638,
        "total_chiplet_power": 1965.638,
        "total_interposer_power": 0,
        "time_taken": 0.0008349418640136719
    },
    "link_summary": {
        "lengths": {
            "min": 6.21,
            "avg": 22.77993,
            "max": 29.398,
            "histogram": {
                "14.69": 8,
                "24.474": 48,
                "24.007": 52,
                "27.797": 44,
                "22.076": 3,
                "29.398": 3,
                "13.791": 8,
                "10.0": 10,
                "22.271": 6,
                "6.21": 4,
                "8.608": 1,
                "24.053": 2,
                "20.262": 2,
                "8.399": 1,
                "24.076": 3,
                "23.398": 3,
                "6.608": 1,
                "14.399": 1
            }
        },
        "bandwidths": {
            "min": -4.0,
            "avg": 549.715,
            "max": 1928.5,
            "histogram": {
                "-4.0": 136,
                "1928.5": 54,
                "794.0": 8,
                "-2.0": 2
            }
        },
        "time_taken": 0.0005803108215332031
    },
    "latency": {
        "min": 34,
        "avg": 110.66666666666694,
        "max": 198,
        "time_taken": 0.03216409683227539
    },
    "throughput": {
        "aggregate_throughput": -396.0,
        "time_taken": 0.0004134178161621094
    },
    "booksim_simulation": {
        "0.001": {
            "packet_latency": {
                "avg": 99.4478,
                "min": 30.0,
                "max": 191.0
            },
            "network_latency": {
                "avg": 99.4478,
                "min": 30.0,
                "max": 191.0
            },
            "flit_latency": {
                "avg": 99.42,
                "min": 30.0,
                "max": 191.0
            },
            "fragmentation": {
                "avg": 0.0,
                "min": 0.0,
                "max": 0.0
            },
            "injected_packet_rate": {
                "avg": 0.00100868,
                "min": 0.0,
                "max": 0.00158491
            },
            "accepted_packet_rate": {
                "avg": 0.00100755,
                "min": 0.0,
                "max": 0.100755
            },
            "injected_flit_rate": {
                "avg": 0.00100868,
                "min": 0.0,
                "max": 0.00158491
            },
            "accepted_flit_rate": {
                "avg": 0.00100755,
                "min": 0.0,
                "max": 0.100755
            },
            "injected_packet_size": {
                "avg": 1.0
            },
            "accepted_packet_size": {
                "avg": 1.0
            },
            "hops": {
                "avg": 6.05425
            },
            "total_run_time": 0.543342
        },
        "0.01": {
            "packet_latency": {
                "avg": 151.705,
                "min": 31.0,
                "max": 580.0
            },
            "network_latency": {
                "avg": 151.705,
                "min": 31.0,
                "max": 580.0
            },
            "flit_latency": {
                "avg": 151.628,
                "min": 31.0,
                "max": 580.0
            },
            "fragmentation": {
                "avg": 0.0,
                "min": 0.0,
                "max": 0.0
            },
            "injected_packet_rate": {
                "avg": 0.00990189,
                "min": 0.0,
                "max": 0.0116173
            },
            "accepted_packet_rate": {
                "avg": 0.00986469,
                "min": 0.0,
                "max": 0.986469
            },
            "injected_flit_rate": {
                "avg": 0.00990189,
                "min": 0.0,
                "max": 0.0116173
            },
            "accepted_flit_rate": {
                "avg": 0.00986469,
                "min": 0.0,
                "max": 0.986469
            },
            "injected_packet_size": {
                "avg": 1.0
            },
            "accepted_packet_size": {
                "avg": 1.0
            },
            "hops": {
                "avg": 6.04992
            },
            "total_run_time": 1.39253
        },
        "n_nodes": 100,
        "time_taken": 3.402839183807373
    },
    "total_time_taken": 3.437140941619873
}