{
    "area_summary": {
        "chip_width": 28.797,
        "chip_height": 28.797,
        "total_chiplet_area": 283.140594,
        "total_interposer_area": 829.267209,
        "time_taken": 9.894371032714844e-05
    },
    "power_summary": {
        "total_power": 164.138,
        "total_chiplet_power": 164.138,
        "total_interposer_power": 0,
        "time_taken": 0.00010251998901367188
    },
    "link_summary": {
        "lengths": {
            "min": 6.654,
            "avg": 16.533333333333335,
            "max": 27.797,
            "histogram": {
                "12.292": 2,
                "24.474": 2,
                "13.195": 2,
                "8.654": 1,
                "27.0": 1,
                "18.938": 1,
                "14.292": 1,
                "20.216": 1,
                "9.392": 1,
                "6.654": 1,
                "23.0": 1,
                "16.938": 1,
                "9.602": 1,
                "27.797": 1,
                "15.195": 1
            }
        },
        "bandwidths": {
            "min": -4.0,
            "avg": 369.80555555555554,
            "max": 1928.5,
            "histogram": {
                "-4.0": 7,
                "794.0": 6,
                "-2.0": 4,
                "1928.5": 1
            }
        },
        "time_taken": 5.936622619628906e-05
    },
    "latency": {
        "min": 45,
        "avg": 54.00000000000001,
        "max": 72,
        "time_taken": 0.00025200843811035156
    },
    "throughput": {
        "aggregate_throughput": -32.0,
        "time_taken": 1.8358230590820312e-05
    },
    "booksim_simulation": {
        "0.001": {
            "packet_latency": {
                "avg": 48.1423,
                "min": 38.0,
                "max": 70.0
            },
            "network_latency": {
                "avg": 48.1423,
                "min": 38.0,
                "max": 70.0
            },
            "flit_latency": {
                "avg": 48.1423,
                "min": 38.0,
                "max": 70.0
            },
            "fragmentation": {
                "avg": 0.0,
                "min": 0.0,
                "max": 0.0
            },
            "injected_packet_rate": {
                "avg": 0.000820605,
                "min": 0.0,
                "max": 0.00105121
            },
            "accepted_packet_rate": {
                "avg": 0.000820605,
                "min": 0.0,
                "max": 0.00738544
            },
            "injected_flit_rate": {
                "avg": 0.000820605,
                "min": 0.0,
                "max": 0.00105121
            },
            "accepted_flit_rate": {
                "avg": 0.000820605,
                "min": 0.0,
                "max": 0.00738544
            },
            "injected_packet_size": {
                "avg": 1.0
            },
            "accepted_packet_size": {
                "avg": 1.0
            },
            "hops": {
                "avg": 2.48905
            },
            "total_run_time": 0.0456111
        },
        "0.1": {
            "packet_latency": {
                "avg": 70.857,
                "min": 38.0,
                "max": 114.0
            },
            "network_latency": {
                "avg": 70.857,
                "min": 38.0,
                "max": 114.0
            },
            "flit_latency": {
                "avg": 70.8425,
                "min": 38.0,
                "max": 114.0
            },
            "fragmentation": {
                "avg": 0.0,
                "min": 0.0,
                "max": 0.0
            },
            "injected_packet_rate": {
                "avg": 0.0877201,
                "min": 0.0,
                "max": 0.101462
            },
            "accepted_packet_rate": {
                "avg": 0.0874738,
                "min": 0.0,
                "max": 0.787264
            },
            "injected_flit_rate": {
                "avg": 0.0877201,
                "min": 0.0,
                "max": 0.101462
            },
            "accepted_flit_rate": {
                "avg": 0.0874738,
                "min": 0.0,
                "max": 0.787264
            },
            "injected_packet_size": {
                "avg": 1.0
            },
            "accepted_packet_size": {
                "avg": 1.0
            },
            "hops": {
                "avg": 2.49925
            },
            "total_run_time": 0.089375
        },
        "0.11": {
            "packet_latency": {
                "avg": 72.2303,
                "min": 38.0,
                "max": 126.0
            },
            "network_latency": {
                "avg": 72.2303,
                "min": 38.0,
                "max": 126.0
            },
            "flit_latency": {
                "avg": 72.2315,
                "min": 38.0,
                "max": 126.0
            },
            "fragmentation": {
                "avg": 0.0,
                "min": 0.0,
                "max": 0.0
            },
            "injected_packet_rate": {
                "avg": 0.0963522,
                "min": 0.0,
                "max": 0.112736
            },
            "accepted_packet_rate": {
                "avg": 0.0960744,
                "min": 0.0,
                "max": 0.86467
            },
            "injected_flit_rate": {
                "avg": 0.0963522,
                "min": 0.0,
                "max": 0.112736
            },
            "accepted_flit_rate": {
                "avg": 0.0960744,
                "min": 0.0,
                "max": 0.86467
            },
            "injected_packet_size": {
                "avg": 1.0
            },
            "accepted_packet_size": {
                "avg": 1.0
            },
            "hops": {
                "avg": 2.492
            },
            "total_run_time": 0.095351
        },
        "0.12": {
            "packet_latency": {
                "avg": 78.4156,
                "min": 38.0,
                "max": 212.0
            },
            "network_latency": {
                "avg": 78.4156,
                "min": 38.0,
                "max": 212.0
            },
            "flit_latency": {
                "avg": 78.3942,
                "min": 38.0,
                "max": 212.0
            },
            "fragmentation": {
                "avg": 0.0,
                "min": 0.0,
                "max": 0.0
            },
            "injected_packet_rate": {
                "avg": 0.10543,
                "min": 0.0,
                "max": 0.119811
            },
            "accepted_packet_rate": {
                "avg": 0.1051,
                "min": 0.0,
                "max": 0.945896
            },
            "injected_flit_rate": {
                "avg": 0.10543,
                "min": 0.0,
                "max": 0.119811
            },
            "accepted_flit_rate": {
                "avg": 0.1051,
                "min": 0.0,
                "max": 0.945896
            },
            "injected_packet_size": {
                "avg": 1.0
            },
            "accepted_packet_size": {
                "avg": 1.0
            },
            "hops": {
                "avg": 2.49841
            },
            "total_run_time": 0.108353
        },
        "0.121": {
            "packet_latency": {
                "avg": 80.497,
                "min": 38.0,
                "max": 221.0
            },
            "network_latency": {
                "avg": 80.497,
                "min": 38.0,
                "max": 221.0
            },
            "flit_latency": {
                "avg": 80.508,
                "min": 38.0,
                "max": 221.0
            },
            "fragmentation": {
                "avg": 0.0,
                "min": 0.0,
                "max": 0.0
            },
            "injected_packet_rate": {
                "avg": 0.106457,
                "min": 0.0,