{
    "area_summary": {
        "chip_width": 48.797,
        "chip_height": 48.797,
        "total_chiplet_area": 1676.0104359999998,
        "total_interposer_area": 2381.1472089999997,
        "time_taken": 0.00022840499877929688
    },
    "power_summary": {
        "total_power": 514.638,
        "total_chiplet_power": 514.638,
        "total_interposer_power": 0,
        "time_taken": 0.0017685890197753906
    },
    "link_summary": {
        "lengths": {
            "min": 13.398,
            "avg": 23.061279999999996,
            "max": 47.797,
            "histogram": {
                "17.797": 24,
                "15.399": 3,
                "19.398": 3,
                "13.398": 3,
                "17.399": 3,
                "14.053": 2,
                "14.336": 2,
                "47.797": 8,
                "47.0": 1,
                "43.0": 1
            }
        },
        "bandwidths": {
            "min": 0.5,
            "avg": 1456.6,
            "max": 1928.5,
            "histogram": {
                "1928.5": 32,
                "794.0": 14,
                "0.5": 4
            }
        },
        "time_taken": 0.00016427040100097656
    },
    "latency": {
        "min": 34,
        "avg": 52.99999999999999,
        "max": 72,
        "time_taken": 0.0027399063110351562
    },
    "throughput": {
        "aggregate_throughput": 1.2000000000000004,
        "time_taken": 6.961822509765625e-05
    },
    "booksim_simulation": {
        "0.001": {
            "packet_latency": {
                "avg": 39.5883,
                "min": 22.0,
                "max": 63.0
            },
            "network_latency": {
                "avg": 39.5883,
                "min": 22.0,
                "max": 63.0
            },
            "flit_latency": {
                "avg": 39.5883,
                "min": 22.0,
                "max": 63.0
            },
            "fragmentation": {
                "avg": 0.0,
                "min": 0.0,
                "max": 0.0
            },
            "injected_packet_rate": {
                "avg": 0.000940162,
                "min": 0.0,
                "max": 0.00134771
            },
            "accepted_packet_rate": {
                "avg": 0.000940162,
                "min": 0.0,
                "max": 0.023504
            },
            "injected_flit_rate": {
                "avg": 0.000940162,
                "min": 0.0,
                "max": 0.00134771
            },
            "accepted_flit_rate": {
                "avg": 0.000940162,
                "min": 0.0,
                "max": 0.023504
            },
            "injected_packet_size": {
                "avg": 1.0
            },
            "accepted_packet_size": {
                "avg": 1.0
            },
            "hops": {
                "avg": 3.43922
            },
            "total_run_time": 0.136323
        },
        "0.01": {
            "packet_latency": {
                "avg": 42.5778,
                "min": 22.0,
                "max": 73.0
            },
            "network_latency": {
                "avg": 42.5778,
                "min": 22.0,
                "max": 73.0
            },
            "flit_latency": {
                "avg": 42.5706,
                "min": 22.0,
                "max": 73.0
            },
            "fragmentation": {
                "avg": 0.0,
                "min": 0.0,
                "max": 0.0
            },
            "injected_packet_rate": {
                "avg": 0.00951887,
                "min": 0.0,
                "max": 0.0121226
            },
            "accepted_packet_rate": {
                "avg": 0.0095,
                "min": 0.0,
                "max": 0.2375
            },
            "injected_flit_rate": {
                "avg": 0.00951887,
                "min": 0.0,
                "max": 0.0121226
            },
            "accepted_flit_rate": {
                "avg": 0.0095,
                "min": 0.0,
                "max": 0.2375
            },
            "injected_packet_size": {
                "avg": 1.0
            },
            "accepted_packet_size": {
                "avg": 1.0
            },
            "hops": {
                "avg": 3.45907
            },
            "total_run_time": 0.107341
        },
        "0.020000000000000004": {
            "packet_latency": {
                "avg": 45.2669,
                "min": 22.0,
                "max": 78.0
            },
            "network_latency": {
                "avg": 45.2669,
                "min": 22.0,
                "max": 78.0
            },
            "flit_latency": {
                "avg": 45.2655,
                "min": 22.0,
                "max": 78.0
            },
            "fragmentation": {
                "avg": 0.0,
                "min": 0.0,
                "max": 0.0
            },
            "injected_packet_rate": {
                "avg": 0.0191113,
                "min": 0.0,
                "max": 0.0211792
            },
            "accepted_packet_rate": {
                "avg": 0.0190792,
                "min": 0.0,
                "max": 0.476981
            },
            "injected_flit_rate": {
                "avg": 0.0191113,
                "min": 0.0,
                "max": 0.0211792
            },
            "accepted_flit_rate": {
                "avg": 0.0190792,
                "min": 0.0,
                "max": 0.476981
            },
            "injected_packet_size": {
                "avg": 1.0
            },
            "accepted_packet_size": {
                "avg": 1.0
            },
            "hops": {
                "avg": 3.50538
            },
            "total_run_time": 0.135576
        },
        "0.030000000000000006": {
            "packet_latency": {
                "avg": 47.2739,
                "min": 22.0,
                "max": 86.0
            },
            "network_latency": {
                "avg": 47.2739,
                "min": 22.0,
                "max": 86.0
            },
            "flit_latency": {
                "avg": 47.2778,
                "min": 22.0,
                "max": 86.0
            },
            "fragmentation": {
                "avg": 0.0,
                "min": 0.0,
                "max": 0.0
            },
            "injected_packet_rate": {
                "avg": 0.0286453,
                "min": 0.0,
                "max": 0.033066
            },
            "accepted_packet_rate": {
                "avg": 0.0286,
                "min": 0.0,
                "max": 0.715
            },
            "injected_flit_rate": {
                "avg": 0.0286453,
                "min": 0.0,
                "max": 0.033066
            },
            "accepted_flit_rate": {
                "avg": 0.0286,
                "min": 0.0,
                "max": 0.715
            },
            "injected_packet_size": {
                "avg": 1.0
            },
            "accepted_packet_size": {
                "avg": 1.0
            },
            "hops": {
                "avg": 3.5027
            },
            "total_run_time": 0.162508
        },
        "0.04000000000000001": {
            "packet_latency": {
                "avg": 58.0899,
                "min": 22.0,
                "max": 205.0
            },
            "network_latency": {
                "avg": 58.0899,
                "min": 22.0,
                "max": 205.0
            },
            "flit_latency": {
                "avg": 58.0634,
                "min": 22.0,
                "max": 205.0
            },
            "fragmentation": {
                "avg": 0.0,
                "min": 0.0,
                "max": 0.0
            },
            "injected_packet_rate": {
                "avg": 0.0383547,
                "min": 0.0,
                "max": 0.0430189
            },
            "accepted_packet_rate": {
                "avg": 0.0382736,
                "min": 0.0,