{
    "area_summary": {
        "chip_width": 48.797,
        "chip_height": 48.797,
        "total_chiplet_area": 1676.0104359999998,
        "total_interposer_area": 2381.1472089999997,
        "time_taken": 0.00018262863159179688
    },
    "power_summary": {
        "total_power": 514.638,
        "total_chiplet_power": 514.638,
        "total_interposer_power": 0,
        "time_taken": 0.0017278194427490234
    },
    "link_summary": {
        "lengths": {
            "min": 8.399,
            "avg": 20.16624,
            "max": 29.398,
            "histogram": {
                "10.0": 16,
                "25.399": 2,
                "27.797": 18,
                "29.398": 2,
                "12.398": 1,
                "25.654": 1,
                "21.938": 1,
                "8.399": 1,
                "27.399": 2,
                "23.398": 2,
                "10.398": 1,
                "19.654": 1,
                "23.938": 1,
                "14.399": 1
            }
        },
        "bandwidths": {
            "min": 0.5,
            "avg": 1501.98,
            "max": 1928.5,
            "histogram": {
                "1928.5": 34,
                "794.0": 12,
                "0.5": 4
            }
        },
        "time_taken": 0.0001518726348876953
    },
    "latency": {
        "min": 45,
        "avg": 58.50000000000001,
        "max": 72,
        "time_taken": 0.002108335494995117
    },
    "throughput": {
        "aggregate_throughput": 1.2000000000000004,
        "time_taken": 6.222724914550781e-05
    },
    "booksim_simulation": {
        "0.001": {
            "packet_latency": {
                "avg": 39.6491,
                "min": 22.0,
                "max": 62.0
            },
            "network_latency": {
                "avg": 39.6491,
                "min": 22.0,
                "max": 62.0
            },
            "flit_latency": {
                "avg": 39.6491,
                "min": 22.0,
                "max": 62.0
            },
            "fragmentation": {
                "avg": 0.0,
                "min": 0.0,
                "max": 0.0
            },
            "injected_packet_rate": {
                "avg": 0.000940162,
                "min": 0.0,
                "max": 0.00134771
            },
            "accepted_packet_rate": {
                "avg": 0.000940162,
                "min": 0.0,
                "max": 0.023504
            },
            "injected_flit_rate": {
                "avg": 0.000940162,
                "min": 0.0,
                "max": 0.00134771
            },
            "accepted_flit_rate": {
                "avg": 0.000940162,
                "min": 0.0,
                "max": 0.023504
            },
            "injected_packet_size": {
                "avg": 1.0
            },
            "accepted_packet_size": {
                "avg": 1.0
            },
            "hops": {
                "avg": 3.44954
            },
            "total_run_time": 0.158678
        },
        "0.01": {
            "packet_latency": {
                "avg": 42.8351,
                "min": 22.0,
                "max": 73.0
            },
            "network_latency": {
                "avg": 42.8351,
                "min": 22.0,
                "max": 73.0
            },
            "flit_latency": {
                "avg": 42.8338,
                "min": 22.0,
                "max": 73.0
            },
            "fragmentation": {
                "avg": 0.0,
                "min": 0.0,
                "max": 0.0
            },
            "injected_packet_rate": {
                "avg": 0.00951887,
                "min": 0.0,
                "max": 0.0121226
            },
            "accepted_packet_rate": {
                "avg": 0.0095,
                "min": 0.0,
                "max": 0.2375
            },
            "injected_flit_rate": {
                "avg": 0.00951887,
                "min": 0.0,
                "max": 0.0121226
            },
            "accepted_flit_rate": {
                "avg": 0.0095,
                "min": 0.0,
                "max": 0.2375
            },
            "injected_packet_size": {
                "avg": 1.0
            },
            "accepted_packet_size": {
                "avg": 1.0
            },
            "hops": {
                "avg": 3.48365
            },
            "total_run_time": 0.127929
        },
        "0.020000000000000004": {
            "packet_latency": {
                "avg": 45.3696,
                "min": 22.0,
                "max": 78.0
            },
            "network_latency": {
                "avg": 45.3696,
                "min": 22.0,
                "max": 78.0
            },
            "flit_latency": {
                "avg": 45.3732,
                "min": 22.0,
                "max": 78.0
            },
            "fragmentation": {
                "avg": 0.0,
                "min": 0.0,
                "max": 0.0
            },
            "injected_packet_rate": {
                "avg": 0.0191113,
                "min": 0.0,
                "max": 0.0211792
            },
            "accepted_packet_rate": {
                "avg": 0.0190792,
                "min": 0.0,
                "max": 0.476981
            },
            "injected_flit_rate": {
                "avg": 0.0191113,
                "min": 0.0,
                "max": 0.0211792
            },
            "accepted_flit_rate": {
                "avg": 0.0190792,
                "min": 0.0,
                "max": 0.476981
            },
            "injected_packet_size": {
                "avg": 1.0
            },
            "accepted_packet_size": {
                "avg": 1.0
            },
            "hops": {
                "avg": 3.51723
            },
            "total_run_time": 0.161007
        },
        "0.030000000000000006": {
            "packet_latency": {
                "avg": 47.0161,
                "min": 22.0,
                "max": 85.0
            },
            "network_latency": {
                "avg": 47.0161,
                "min": 22.0,
                "max": 85.0
            },
            "flit_latency": {
                "avg": 47.0072,
                "min": 22.0,
                "max": 85.0
            },
            "fragmentation": {
                "avg": 0.0,
                "min": 0.0,
                "max": 0.0
            },
            "injected_packet_rate": {
                "avg": 0.0286453,
                "min": 0.0,
                "max": 0.033066
            },
            "accepted_packet_rate": {
                "avg": 0.0286,
                "min": 0.0,
                "max": 0.715
            },
            "injected_flit_rate": {
                "avg": 0.0286453,
                "min": 0.0,
                "max": 0.033066
            },
            "accepted_flit_rate": {
                "avg": 0.0286,
                "min": 0.0,
                "max": 0.715
            },
            "injected_packet_size": {
                "avg": 1.0
            },
            "accepted_packet_size": {
                "avg": 1.0
            },
            "hops": {
                "avg": 3.48597
            },
            "total_run_time": 0.19306
        },
        "0.04000000000000001": {
            "packet_latency": {
                "avg": 57.9447,
                "min": 22.0,
                "max": 200.0
            },
            "network_latency": {
                "avg": 57.9447,
                "min": 22.0,
                "max": 200.0
            },
            "flit_latency": {
                "avg": 57.9163,
                "min": 22.0,
                "max": 200.0
            },
            "fragmentation": {
                "avg": 0.0,
                "min": 0.0,
                "max": 0.0
            },
            "injected_packet_rate": {
                "avg": 0.0383547,
                "min": 0.0,
                "max": 0.0430189
            },