{
    "area_summary": {
        "chip_width": 28.797,
        "chip_height": 28.797,
        "total_chiplet_area": 283.140594,
        "total_interposer_area": 829.267209,
        "time_taken": 0.00010514259338378906
    },
    "power_summary": {
        "total_power": 164.138,
        "total_chiplet_power": 164.138,
        "total_interposer_power": 0,
        "time_taken": 0.00011396408081054688
    },
    "link_summary": {
        "lengths": {
            "min": 9.608,
            "avg": 18.42222222222222,
            "max": 32.487,
            "histogram": {
                "12.076": 2,
                "14.076": 1,
                "19.398": 2,
                "9.654": 1,
                "17.399": 1,
                "15.654": 1,
                "9.608": 1,
                "11.938": 1,
                "13.938": 1,
                "13.398": 1,
                "32.487": 2,
                "27.0": 1,
                "20.216": 1,
                "23.0": 1,
                "27.797": 1
            }
        },
        "bandwidths": {
            "min": -4.0,
            "avg": 369.80555555555554,
            "max": 1928.5,
            "histogram": {
                "-4.0": 7,
                "794.0": 6,
                "-2.0": 4,
                "1928.5": 1
            }
        },
        "time_taken": 6.079673767089844e-05
    },
    "latency": {
        "min": 45,
        "avg": 54.00000000000001,
        "max": 72,
        "time_taken": 0.00025153160095214844
    },
    "throughput": {
        "aggregate_throughput": -32.0,
        "time_taken": 1.8596649169921875e-05
    },
    "booksim_simulation": {
        "0.001": {
            "packet_latency": {
                "avg": 48.1423,
                "min": 38.0,
                "max": 70.0
            },
            "network_latency": {
                "avg": 48.1423,
                "min": 38.0,
                "max": 70.0
            },
            "flit_latency": {
                "avg": 48.1423,
                "min": 38.0,
                "max": 70.0
            },
            "fragmentation": {
                "avg": 0.0,
                "min": 0.0,
                "max": 0.0
            },
            "injected_packet_rate": {
                "avg": 0.000820605,
                "min": 0.0,
                "max": 0.00105121
            },
            "accepted_packet_rate": {
                "avg": 0.000820605,
                "min": 0.0,
                "max": 0.00738544
            },
            "injected_flit_rate": {
                "avg": 0.000820605,
                "min": 0.0,
                "max": 0.00105121
            },
            "accepted_flit_rate": {
                "avg": 0.000820605,
                "min": 0.0,
                "max": 0.00738544
            },
            "injected_packet_size": {
                "avg": 1.0
            },
            "accepted_packet_size": {
                "avg": 1.0
            },
            "hops": {
                "avg": 2.48905
            },
            "total_run_time": 0.0433331
        },
        "0.1": {
            "packet_latency": {
                "avg": 70.857,
                "min": 38.0,
                "max": 114.0
            },
            "network_latency": {
                "avg": 70.857,
                "min": 38.0,
                "max": 114.0
            },
            "flit_latency": {
                "avg": 70.8425,
                "min": 38.0,
                "max": 114.0
            },
            "fragmentation": {
                "avg": 0.0,
                "min": 0.0,
                "max": 0.0
            },
            "injected_packet_rate": {
                "avg": 0.0877201,
                "min": 0.0,
                "max": 0.101462
            },
            "accepted_packet_rate": {
                "avg": 0.0874738,
                "min": 0.0,
                "max": 0.787264
            },
            "injected_flit_rate": {
                "avg": 0.0877201,
                "min": 0.0,
                "max": 0.101462
            },
            "accepted_flit_rate": {
                "avg": 0.0874738,
                "min": 0.0,
                "max": 0.787264
            },
            "injected_packet_size": {
                "avg": 1.0
            },
            "accepted_packet_size": {
                "avg": 1.0
            },
            "hops": {
                "avg": 2.49925
            },
            "total_run_time": 0.0891559
        },
        "0.11": {
            "packet_latency": {
                "avg": 72.2303,
                "min": 38.0,
                "max": 126.0
            },
            "network_latency": {
                "avg": 72.2303,
                "min": 38.0,
                "max": 126.0
            },
            "flit_latency": {
                "avg": 72.2315,
                "min": 38.0,
                "max": 126.0
            },
            "fragmentation": {
                "avg": 0.0,
                "min": 0.0,
                "max": 0.0
            },
            "injected_packet_rate": {
                "avg": 0.0963522,
                "min": 0.0,
                "max": 0.112736
            },
            "accepted_packet_rate": {
                "avg": 0.0960744,
                "min": 0.0,
                "max": 0.86467
            },
            "injected_flit_rate": {
                "avg": 0.0963522,
                "min": 0.0,
                "max": 0.112736
            },
            "accepted_flit_rate": {
                "avg": 0.0960744,
                "min": 0.0,
                "max": 0.86467
            },
            "injected_packet_size": {
                "avg": 1.0
            },
            "accepted_packet_size": {
                "avg": 1.0
            },
            "hops": {
                "avg": 2.492
            },
            "total_run_time": 0.0958691
        },
        "0.12": {
            "packet_latency": {
                "avg": 78.4156,
                "min": 38.0,
                "max": 212.0
            },
            "network_latency": {
                "avg": 78.4156,
                "min": 38.0,
                "max": 212.0
            },
            "flit_latency": {
                "avg": 78.3942,
                "min": 38.0,
                "max": 212.0
            },
            "fragmentation": {
                "avg": 0.0,
                "min": 0.0,
                "max": 0.0
            },
            "injected_packet_rate": {
                "avg": 0.10543,
                "min": 0.0,
                "max": 0.119811
            },
            "accepted_packet_rate": {
                "avg": 0.1051,
                "min": 0.0,
                "max": 0.945896
            },
            "injected_flit_rate": {
                "avg": 0.10543,
                "min": 0.0,
                "max": 0.119811
            },
            "accepted_flit_rate": {
                "avg": 0.1051,
                "min": 0.0,
                "max": 0.945896
            },
            "injected_packet_size": {
                "avg": 1.0
            },
            "accepted_packet_size": {
                "avg": 1.0
            },
            "hops": {
                "avg": 2.49841
            },
            "total_run_time": 0.108594
        },
        "0.121": {
            "packet_latency": {
                "avg": 80.497,
                "min": 38.0,
                "max": 221.0
            },
            "network_latency": {
                "avg": 80.497,
                "min": 38.0,
                "max": 221.0
            },
            "flit_latency": {
                "avg": 80.508,
                "min": 38.0,
                "max": 221.0
            },
            "fragmentation": {
                "avg": 0.0,
                "min": 0.0,
                "max": 0.0
            },
            "injected_packet_rate": {
                "avg": 0.106457,
                "min": 0.0,