{
    "area_summary": {
        "chip_width": 48.797,
        "chip_height": 48.797,
        "total_chiplet_area": 1057.6118200000003,
        "total_interposer_area": 2381.1472089999997,
        "time_taken": 0.0001685619354248047
    },
    "power_summary": {
        "total_power": 480.138,
        "total_chiplet_power": 480.138,
        "total_interposer_power": 0,
        "time_taken": 0.00020742416381835938
    },
    "link_summary": {
        "lengths": {
            "min": 9.608,
            "avg": 14.8833,
            "max": 19.398,
            "histogram": {
                "14.474": 10,
                "15.399": 2,
                "14.007": 10,
                "15.608": 1,
                "13.398": 2,
                "17.399": 2,
                "17.797": 4,
                "14.053": 2,
                "14.076": 1,
                "19.398": 2,
                "9.608": 1,
                "14.336": 2,
                "12.076": 1
            }
        },
        "bandwidths": {
            "min": -4.0,
            "avg": 349.05,
            "max": 1928.5,
            "histogram": {
                "-4.0": 24,
                "794.0": 8,
                "1928.5": 4,
                "-2.0": 4
            }
        },
        "time_taken": 0.0001266002655029297
    },
    "latency": {
        "min": 34,
        "avg": 61.999999999999986,
        "max": 90,
        "time_taken": 0.0017902851104736328
    },
    "throughput": {
        "aggregate_throughput": -96.00000000000001,
        "time_taken": 5.6743621826171875e-05
    },
    "booksim_simulation": {
        "0.001": {
            "packet_latency": {
                "avg": 61.5333,
                "min": 34.0,
                "max": 109.0
            },
            "network_latency": {
                "avg": 61.5333,
                "min": 34.0,
                "max": 109.0
            },
            "flit_latency": {
                "avg": 61.5333,
                "min": 34.0,
                "max": 109.0
            },
            "fragmentation": {
                "avg": 0.0,
                "min": 0.0,
                "max": 0.0
            },
            "injected_packet_rate": {
                "avg": 0.000940162,
                "min": 0.0,
                "max": 0.00134771
            },
            "accepted_packet_rate": {
                "avg": 0.000940162,
                "min": 0.0,
                "max": 0.023504
            },
            "injected_flit_rate": {
                "avg": 0.000940162,
                "min": 0.0,
                "max": 0.00134771
            },
            "accepted_flit_rate": {
                "avg": 0.000940162,
                "min": 0.0,
                "max": 0.023504
            },
            "injected_packet_size": {
                "avg": 1.0
            },
            "accepted_packet_size": {
                "avg": 1.0
            },
            "hops": {
                "avg": 3.43922
            },
            "total_run_time": 0.14559
        },
        "0.01": {
            "packet_latency": {
                "avg": 71.0789,
                "min": 34.0,
                "max": 122.0
            },
            "network_latency": {
                "avg": 71.0789,
                "min": 34.0,
                "max": 122.0
            },
            "flit_latency": {
                "avg": 71.0604,
                "min": 34.0,
                "max": 122.0
            },
            "fragmentation": {
                "avg": 0.0,
                "min": 0.0,
                "max": 0.0
            },
            "injected_packet_rate": {
                "avg": 0.00951887,
                "min": 0.0,
                "max": 0.0121226
            },
            "accepted_packet_rate": {
                "avg": 0.00949057,
                "min": 0.0,
                "max": 0.237264
            },
            "injected_flit_rate": {
                "avg": 0.00951887,
                "min": 0.0,
                "max": 0.0121226
            },
            "accepted_flit_rate": {
                "avg": 0.00949057,
                "min": 0.0,
                "max": 0.237264
            },
            "injected_packet_size": {
                "avg": 1.0
            },
            "accepted_packet_size": {
                "avg": 1.0
            },
            "hops": {
                "avg": 3.45907
            },
            "total_run_time": 0.12503
        },
        "0.020000000000000004": {
            "packet_latency": {
                "avg": 76.9571,
                "min": 34.0,
                "max": 133.0
            },
            "network_latency": {
                "avg": 76.9571,
                "min": 34.0,
                "max": 133.0
            },
            "flit_latency": {
                "avg": 76.9699,
                "min": 34.0,
                "max": 133.0
            },
            "fragmentation": {
                "avg": 0.0,
                "min": 0.0,
                "max": 0.0
            },
            "injected_packet_rate": {
                "avg": 0.0191113,
                "min": 0.0,
                "max": 0.0211792
            },
            "accepted_packet_rate": {
                "avg": 0.0190472,
                "min": 0.0,
                "max": 0.476179
            },
            "injected_flit_rate": {
                "avg": 0.0191113,
                "min": 0.0,
                "max": 0.0211792
            },
            "accepted_flit_rate": {
                "avg": 0.0190472,
                "min": 0.0,
                "max": 0.476179
            },
            "injected_packet_size": {
                "avg": 1.0
            },
            "accepted_packet_size": {
                "avg": 1.0
            },
            "hops": {
                "avg": 3.50538
            },
            "total_run_time": 0.16329
        },
        "0.030000000000000006": {
            "packet_latency": {
                "avg": 81.3116,
                "min": 34.0,
                "max": 144.0
            },
            "network_latency": {
                "avg": 81.3116,
                "min": 34.0,
                "max": 144.0
            },
            "flit_latency": {
                "avg": 81.3274,
                "min": 34.0,
                "max": 144.0
            },
            "fragmentation": {
                "avg": 0.0,
                "min": 0.0,
                "max": 0.0
            },
            "injected_packet_rate": {
                "avg": 0.0286453,
                "min": 0.0,
                "max": 0.033066
            },
            "accepted_packet_rate": {
                "avg": 0.0285585,
                "min": 0.0,
                "max": 0.713962
            },
            "injected_flit_rate": {
                "avg": 0.0286453,
                "min": 0.0,
                "max": 0.033066
            },
            "accepted_flit_rate": {
                "avg": 0.0285585,
                "min": 0.0,
                "max": 0.713962
            },
            "injected_packet_size": {
                "avg": 1.0
            },
            "accepted_packet_size": {
                "avg": 1.0
            },
            "hops": {
                "avg": 3.5027
            },
            "total_run_time": 0.187392
        },
        "0.04000000000000001": {
            "packet_latency": {
                "avg": 93.0588,
                "min": 34.0,
                "max": 252.0
            },
            "network_latency": {
                "avg": 93.0588,
                "min": 34.0,
                "max": 252.0
            },
            "flit_latency": {
                "avg": 93.0144,
                "min": 34.0,
                "max": 252.0
            },
            "fragmentation": {
                "avg": 0.0,
                "min": 0.0,
                "max": 0.0
            },
            "injected_packet_rate": {
                "avg": 0.0383547,
                "min": 0.0,