{
    "area_summary": {
        "chip_width": 118.807,
        "chip_height": 118.807,
        "total_chiplet_area": 10909.458075000011,
        "total_interposer_area": 14115.103249,
        "time_taken": 0.0003457069396972656
    },
    "power_summary": {
        "total_power": 5507.138,
        "total_chiplet_power": 5507.138,
        "total_interposer_power": 0,
        "time_taken": 0.0010380744934082031
    },
    "link_summary": {
        "lengths": {
            "min": 13.398,
            "avg": 26.002604166666664,
            "max": 117.797,
            "histogram": {
                "17.797": 248,
                "15.399": 3,
                "19.398": 3,
                "13.398": 3,
                "17.399": 3,
                "14.053": 2,
                "14.336": 2,
                "117.797": 22,
                "117.0": 1,
                "113.0": 1
            }
        },
        "bandwidths": {
            "min": -2.0,
            "avg": 1850.7569444444443,
            "max": 1933.0,
            "histogram": {
                "1933.0": 270,
                "794.0": 14,
                "-2.0": 4
            }
        },
        "time_taken": 0.0008370876312255859
    },
    "latency": {
        "min": 56,
        "avg": 210.37762237762294,
        "max": 386,
        "time_taken": 0.059867143630981445
    },
    "throughput": {
        "aggregate_throughput": -57.2,
        "time_taken": 0.0007603168487548828
    },
    "booksim_simulation": {
        "0.0009999999999999985": {
            "packet_latency": {
                "avg": 252.41,
                "min": 62.0,
                "max": 503.0
            },
            "network_latency": {
                "avg": 252.41,
                "min": 62.0,
                "max": 503.0
            },
            "flit_latency": {
                "avg": 252.18,
                "min": 62.0,
                "max": 503.0
            },
            "fragmentation": {
                "avg": 0.0,
                "min": 0.0,
                "max": 0.0
            },
            "injected_packet_rate": {
                "avg": 0.000998166,
                "min": 0.0,
                "max": 0.0014717
            },
            "accepted_packet_rate": {
                "avg": 0.00098847,
                "min": 0.0,
                "max": 0.14234
            },
            "injected_flit_rate": {
                "avg": 0.000998166,
                "min": 0.0,
                "max": 0.0014717
            },
            "accepted_flit_rate": {
                "avg": 0.00098847,
                "min": 0.0,
                "max": 0.14234
            },
            "injected_packet_size": {
                "avg": 1.0
            },
            "accepted_packet_size": {
                "avg": 1.0
            },
            "hops": {
                "avg": 7.04411
            },
            "total_run_time": 0.891837
        },
        "0.001": {
            "packet_latency": {
                "avg": 252.41,
                "min": 62.0,
                "max": 503.0
            },
            "network_latency": {
                "avg": 252.41,
                "min": 62.0,
                "max": 503.0
            },
            "flit_latency": {
                "avg": 252.18,
                "min": 62.0,
                "max": 503.0
            },
            "fragmentation": {
                "avg": 0.0,
                "min": 0.0,
                "max": 0.0
            },
            "injected_packet_rate": {
                "avg": 0.000998166,
                "min": 0.0,
                "max": 0.0014717
            },
            "accepted_packet_rate": {
                "avg": 0.00098847,
                "min": 0.0,
                "max": 0.14234
            },
            "injected_flit_rate": {
                "avg": 0.000998166,
                "min": 0.0,
                "max": 0.0014717
            },
            "accepted_flit_rate": {
                "avg": 0.00098847,
                "min": 0.0,
                "max": 0.14234
            },
            "injected_packet_size": {
                "avg": 1.0
            },
            "accepted_packet_size": {
                "avg": 1.0
            },
            "hops": {
                "avg": 7.04411
            },
            "total_run_time": 0.798676
        },
        "0.0019999999999999987": {
            "packet_latency": {
                "avg": 264.587,
                "min": 64.0,
                "max": 515.0
            },
            "network_latency": {
                "avg": 264.587,
                "min": 64.0,
                "max": 515.0
            },
            "flit_latency": {
                "avg": 264.286,
                "min": 64.0,
                "max": 515.0
            },
            "fragmentation": {
                "avg": 0.0,
                "min": 0.0,
                "max": 0.0
            },
            "injected_packet_rate": {
                "avg": 0.00200013,
                "min": 0.0,
                "max": 0.00292453
            },
            "accepted_packet_rate": {
                "avg": 0.0019736,
                "min": 0.0,
                "max": 0.284198
            },
            "injected_flit_rate": {
                "avg": 0.00200013,
                "min": 0.0,
                "max": 0.00292453
            },
            "accepted_flit_rate": {
                "avg": 0.0019736,
                "min": 0.0,
                "max": 0.284198
            },
            "injected_packet_size": {
                "avg": 1.0
            },
            "accepted_packet_size": {
                "avg": 1.0
            },
            "hops": {
                "avg": 7.02047
            },
            "total_run_time": 0.847211
        },
        "0.002999999999999999": {
            "packet_latency": {
                "avg": 282.632,
                "min": 60.0,
                "max": 554.0
            },
            "network_latency": {
                "avg": 282.632,
                "min": 60.0,
                "max": 554.0
            },
            "flit_latency": {
                "avg": 282.624,
                "min": 60.0,
                "max": 554.0
            },
            "fragmentation": {
                "avg": 0.0,
                "min": 0.0,
                "max": 0.0
            },
            "injected_packet_rate": {
                "avg": 0.00298021,
                "min": 0.0,
                "max": 0.0040566
            },
            "accepted_packet_rate": {
                "avg": 0.00294058,
                "min": 0.0,
                "max": 0.423443
            },
            "injected_flit_rate": {
                "avg": 0.00298021,
                "min": 0.0,
                "max": 0.0040566
            },
            "accepted_flit_rate": {
                "avg": 0.00294058,
                "min": 0.0,
                "max": 0.423443
            },
            "injected_packet_size": {
                "avg": 1.0
            },
            "accepted_packet_size": {
                "avg": 1.0
            },
            "hops": {
                "avg": 7.07166
            },
            "total_run_time": 0.949997
        },
        "0.003999999999999999": {
            "packet_latency": {
                "avg": 285.202,
                "min": 69.0,
                "max": 620.0
            },
            "network_latency": {
                "avg": 285.202,
                "min": 69.0,
                "max": 620.0
            },
            "flit_latency": {
                "avg": 285.42,
                "min": 69.0,
                "max": 620.0
            },
            "fragmentation": {
                "avg": 0.0,
                "min": 0.0,
                "max": 0.0
            },
            "injected_packet_rate": {
                "avg": 0.00397045,
                "min": 0.0,
                "max": 0.00514151
            },