{
    "area_summary": {
        "chip_width": 98.797,
        "chip_height": 98.797,
        "total_chiplet_area": 7480.051111000018,
        "total_interposer_area": 9760.847209,
        "time_taken": 0.0002510547637939453
    },
    "power_summary": {
        "total_power": 2052.138,
        "total_chiplet_power": 2052.138,
        "total_interposer_power": 0,
        "time_taken": 0.002435445785522461
    },
    "link_summary": {
        "lengths": {
            "min": 13.398,
            "avg": 25.613069999999997,
            "max": 97.797,
            "histogram": {
                "17.797": 164,
                "15.399": 3,
                "19.398": 3,
                "13.398": 3,
                "17.399": 3,
                "14.053": 2,
                "14.336": 2,
                "97.797": 18,
                "97.0": 1,
                "93.0": 1
            }
        },
        "bandwidths": {
            "min": 0.5,
            "avg": 1810.525,
            "max": 1928.5,
            "histogram": {
                "1928.5": 182,
                "794.0": 14,
                "0.5": 4
            }
        },
        "time_taken": 0.0005109310150146484
    },
    "latency": {
        "min": 34,
        "avg": 72.78787878787894,
        "max": 126,
        "time_taken": 0.029819250106811523
    },
    "throughput": {
        "aggregate_throughput": 0.9900000000000003,
        "time_taken": 0.0003228187561035156
    },
    "booksim_simulation": {
        "0.001": {
            "packet_latency": {
                "avg": 58.6664,
                "min": 18.0,
                "max": 113.0
            },
            "network_latency": {
                "avg": 58.6664,
                "min": 18.0,
                "max": 113.0
            },
            "flit_latency": {
                "avg": 58.6651,
                "min": 18.0,
                "max": 113.0
            },
            "fragmentation": {
                "avg": 0.0,
                "min": 0.0,
                "max": 0.0
            },
            "injected_packet_rate": {
                "avg": 0.0010066,
                "min": 0.0,
                "max": 0.00188679
            },
            "accepted_packet_rate": {
                "avg": 0.00100283,
                "min": 0.0,
                "max": 0.100283
            },
            "injected_flit_rate": {
                "avg": 0.0010066,
                "min": 0.0,
                "max": 0.00188679
            },
            "accepted_flit_rate": {
                "avg": 0.00100283,
                "min": 0.0,
                "max": 0.100283
            },
            "injected_packet_size": {
                "avg": 1.0
            },
            "accepted_packet_size": {
                "avg": 1.0
            },
            "hops": {
                "avg": 6.01687
            },
            "total_run_time": 0.346444
        },
        "0.01": {
            "packet_latency": {
                "avg": 97.0391,
                "min": 18.0,
                "max": 419.0
            },
            "network_latency": {
                "avg": 97.0391,
                "min": 18.0,
                "max": 419.0
            },
            "flit_latency": {
                "avg": 97.0034,
                "min": 18.0,
                "max": 419.0
            },
            "fragmentation": {
                "avg": 0.0,
                "min": 0.0,
                "max": 0.0
            },
            "injected_packet_rate": {
                "avg": 0.00990189,
                "min": 0.0,
                "max": 0.0116173
            },
            "accepted_packet_rate": {
                "avg": 0.00987844,
                "min": 0.0,
                "max": 0.987844
            },
            "injected_flit_rate": {
                "avg": 0.00990189,
                "min": 0.0,
                "max": 0.0116173
            },
            "accepted_flit_rate": {
                "avg": 0.00987844,
                "min": 0.0,
                "max": 0.987844
            },
            "injected_packet_size": {
                "avg": 1.0
            },
            "accepted_packet_size": {
                "avg": 1.0
            },
            "hops": {
                "avg": 6.0466
            },
            "total_run_time": 1.03727
        },
        "n_nodes": 100,
        "time_taken": 2.758002281188965
    },
    "total_time_taken": 2.791348457336426
}