{
    "area_summary": {
        "chip_width": 98.797,
        "chip_height": 98.797,
        "total_chiplet_area": 7480.051111000018,
        "total_interposer_area": 9760.847209,
        "time_taken": 0.0003178119659423828
    },
    "power_summary": {
        "total_power": 2052.138,
        "total_chiplet_power": 2052.138,
        "total_interposer_power": 0,
        "time_taken": 0.002336740493774414
    },
    "link_summary": {
        "lengths": {
            "min": 13.398,
            "avg": 17.62371111111111,
            "max": 19.398,
            "histogram": {
                "17.797": 164,
                "15.399": 3,
                "19.398": 3,
                "13.398": 3,
                "17.399": 3,
                "14.053": 2,
                "14.336": 2
            }
        },
        "bandwidths": {
            "min": 0.5,
            "avg": 1810.0222222222221,
            "max": 1928.5,
            "histogram": {
                "1928.5": 164,
                "794.0": 12,
                "0.5": 4
            }
        },
        "time_taken": 0.00054168701171875
    },
    "latency": {
        "min": 34,
        "avg": 72.78787878787894,
        "max": 126,
        "time_taken": 0.03468632698059082
    },
    "throughput": {
        "aggregate_throughput": 0.9900000000000003,
        "time_taken": 0.00037288665771484375
    },
    "booksim_simulation": {
        "0.001": {
            "packet_latency": {
                "avg": 58.6664,
                "min": 18.0,
                "max": 113.0
            },
            "network_latency": {
                "avg": 58.6664,
                "min": 18.0,
                "max": 113.0
            },
            "flit_latency": {
                "avg": 58.6651,
                "min": 18.0,
                "max": 113.0
            },
            "fragmentation": {
                "avg": 0.0,
                "min": 0.0,
                "max": 0.0
            },
            "injected_packet_rate": {
                "avg": 0.0010066,
                "min": 0.0,
                "max": 0.00188679
            },
            "accepted_packet_rate": {
                "avg": 0.00100283,
                "min": 0.0,
                "max": 0.100283
            },
            "injected_flit_rate": {
                "avg": 0.0010066,
                "min": 0.0,
                "max": 0.00188679
            },
            "accepted_flit_rate": {
                "avg": 0.00100283,
                "min": 0.0,
                "max": 0.100283
            },
            "injected_packet_size": {
                "avg": 1.0
            },
            "accepted_packet_size": {
                "avg": 1.0
            },
            "hops": {
                "avg": 6.01687
            },
            "total_run_time": 0.404949
        },
        "0.01": {
            "packet_latency": {
                "avg": 97.0391,
                "min": 18.0,
                "max": 419.0
            },
            "network_latency": {
                "avg": 97.0391,
                "min": 18.0,
                "max": 419.0
            },
            "flit_latency": {
                "avg": 97.0034,
                "min": 18.0,
                "max": 419.0
            },
            "fragmentation": {
                "avg": 0.0,
                "min": 0.0,
                "max": 0.0
            },
            "injected_packet_rate": {
                "avg": 0.00990189,
                "min": 0.0,
                "max": 0.0116173
            },
            "accepted_packet_rate": {
                "avg": 0.00987844,
                "min": 0.0,
                "max": 0.987844
            },
            "injected_flit_rate": {
                "avg": 0.00990189,
                "min": 0.0,
                "max": 0.0116173
            },
            "accepted_flit_rate": {
                "avg": 0.00987844,
                "min": 0.0,
                "max": 0.987844
            },
            "injected_packet_size": {
                "avg": 1.0
            },
            "accepted_packet_size": {
                "avg": 1.0
            },
            "hops": {
                "avg": 6.0466
            },
            "total_run_time": 1.24089
        },
        "n_nodes": 100,
        "time_taken": 3.3184754848480225
    },
    "total_time_taken": 3.356738567352295
}