{
    "area_summary": {
        "chip_width": 158.797,
        "chip_height": 158.797,
        "total_chiplet_area": 19552.455715000087,
        "total_interposer_area": 25216.487209,
        "time_taken": 0.0005538463592529297
    },
    "power_summary": {
        "total_power": 5250.138,
        "total_chiplet_power": 5250.138,
        "total_interposer_power": 0,
        "time_taken": 0.0038604736328125
    },
    "link_summary": {
        "lengths": {
            "min": 8.399,
            "avg": 25.522378906249997,
            "max": 29.398,
            "histogram": {
                "10.0": 60,
                "27.797": 432,
                "25.399": 3,
                "29.398": 3,
                "12.398": 1,
                "24.053": 2,
                "24.336": 2,
                "8.399": 1,
                "27.399": 3,
                "23.398": 3,
                "10.398": 1,
                "14.399": 1
            }
        },
        "bandwidths": {
            "min": 0.5,
            "avg": 1877.984375,
            "max": 1928.5,
            "histogram": {
                "1928.5": 492,
                "794.0": 16,
                "0.5": 4
            }
        },
        "time_taken": 0.0014803409576416016
    },
    "latency": {
        "min": 34,
        "avg": 104.78823529411726,
        "max": 180,
        "time_taken": 0.17856526374816895
    },
    "throughput": {
        "aggregate_throughput": 0.9960937500000023,
        "time_taken": 0.001535177230834961
    },
    "booksim_simulation": {
        "0.0009999999999999985": {
            "packet_latency": {
                "avg": 90.2718,
                "min": 18.0,
                "max": 171.0
            },
            "network_latency": {
                "avg": 90.2718,
                "min": 18.0,
                "max": 171.0
            },
            "flit_latency": {
                "avg": 90.2698,
                "min": 18.0,
                "max": 171.0
            },
            "fragmentation": {
                "avg": 0.0,
                "min": 0.0,
                "max": 0.0
            },
            "injected_packet_rate": {
                "avg": 0.000992593,
                "min": 0.0,
                "max": 0.00160377
            },
            "accepted_packet_rate": {
                "avg": 0.000988723,
                "min": 0.0,
                "max": 0.253113
            },
            "injected_flit_rate": {
                "avg": 0.000992593,
                "min": 0.0,
                "max": 0.00160377
            },
            "accepted_flit_rate": {
                "avg": 0.000988723,
                "min": 0.0,
                "max": 0.253113
            },
            "injected_packet_size": {
                "avg": 1.0
            },
            "accepted_packet_size": {
                "avg": 1.0
            },
            "hops": {
                "avg": 9.08298
            },
            "total_run_time": 1.2618
        },
        "0.001": {
            "packet_latency": {
                "avg": 90.2718,
                "min": 18.0,
                "max": 171.0
            },
            "network_latency": {
                "avg": 90.2718,
                "min": 18.0,
                "max": 171.0
            },
            "flit_latency": {
                "avg": 90.2698,
                "min": 18.0,
                "max": 171.0
            },
            "fragmentation": {
                "avg": 0.0,
                "min": 0.0,
                "max": 0.0
            },
            "injected_packet_rate": {
                "avg": 0.000992593,
                "min": 0.0,
                "max": 0.00160377
            },
            "accepted_packet_rate": {
                "avg": 0.000988723,
                "min": 0.0,
                "max": 0.253113
            },
            "injected_flit_rate": {
                "avg": 0.000992593,
                "min": 0.0,
                "max": 0.00160377
            },
            "accepted_flit_rate": {
                "avg": 0.000988723,
                "min": 0.0,
                "max": 0.253113
            },
            "injected_packet_size": {
                "avg": 1.0
            },
            "accepted_packet_size": {
                "avg": 1.0
            },
            "hops": {
                "avg": 9.08298
            },
            "total_run_time": 1.06985
        },
        "0.0019999999999999987": {
            "packet_latency": {
                "avg": 91.7657,
                "min": 18.0,
                "max": 181.0
            },
            "network_latency": {
                "avg": 91.7657,
                "min": 18.0,
                "max": 181.0
            },
            "flit_latency": {
                "avg": 91.7832,
                "min": 18.0,
                "max": 181.0
            },
            "fragmentation": {
                "avg": 0.0,
                "min": 0.0,
                "max": 0.0
            },
            "injected_packet_rate": {
                "avg": 0.00199753,
                "min": 0.0,
                "max": 0.00316038
            },
            "accepted_packet_rate": {
                "avg": 0.00198998,
                "min": 0.0,
                "max": 0.509434
            },
            "injected_flit_rate": {
                "avg": 0.00199753,
                "min": 0.0,
                "max": 0.00316038
            },
            "accepted_flit_rate": {
                "avg": 0.00198998,
                "min": 0.0,
                "max": 0.509434
            },
            "injected_packet_size": {
                "avg": 1.0
            },
            "accepted_packet_size": {
                "avg": 1.0
            },
            "hops": {
                "avg": 9.08339
            },
            "total_run_time": 1.45645
        },
        "0.002999999999999999": {
            "packet_latency": {
                "avg": 93.3117,
                "min": 18.0,
                "max": 188.0
            },
            "network_latency": {
                "avg": 93.3117,
                "min": 18.0,
                "max": 188.0
            },
            "flit_latency": {
                "avg": 93.2937,
                "min": 18.0,
                "max": 188.0
            },
            "fragmentation": {
                "avg": 0.0,
                "min": 0.0,
                "max": 0.0
            },
            "injected_packet_rate": {
                "avg": 0.00297262,
                "min": 0.0,
                "max": 0.00410377
            },
            "accepted_packet_rate": {
                "avg": 0.00295972,
                "min": 0.0,
                "max": 0.757689
            },
            "injected_flit_rate": {
                "avg": 0.00297262,
                "min": 0.0,
                "max": 0.00410377
            },
            "accepted_flit_rate": {
                "avg": 0.00295972,
                "min": 0.0,
                "max": 0.757689
            },
            "injected_packet_size": {
                "avg": 1.0
            },
            "accepted_packet_size": {
                "avg": 1.0
            },
            "hops": {
                "avg": 9.04258
            },
            "total_run_time": 1.62483
        },
        "n_nodes": 256,
        "time_taken": 11.64054560661316
    },
    "total_time_taken": 11.826550006866455
}